objectid,pcon17cd,pcon17nm,bng_e,bng_n,long,lat,st_areashape,st_lengthshape
1,E14000530,Aldershot,484884,155126,-0.7841,51.28900146,53001999.87,40826.56914
2,E14000531,Aldridge-Brownhills,404723,302568,-1.93159997,52.6208992,44033493.86,38222.2919
3,E14000532,Altrincham and Sale West,374132,389051,-2.39039993,53.39770126,50926031.28,46097.78246
4,E14000533,Amber Valley,440478,349675,-1.39769995,53.0428009,124637738.4,62106.01083
5,E14000534,Arundel and South Downs,510689,115542,-0.42629999,50.92869949,645220941.1,328652.5108
6,E14000535,Ashfield,450035,355939,-1.25419998,53.09830093,107725735.2,60676.21653
7,E14000536,Ashford,595733,138824,0.79516,51.11529922,503659275.7,151770.4779
8,E14000537,Ashton-under-Lyne,392394,399819,-2.11610007,53.49499893,27805725.64,36824.91777
9,E14000538,Aylesbury,482160,199541,-0.81279999,51.68859863,185468104.9,147583.7696
10,E14000539,Banbury,441108,233685,-1.40260005,52.00009918,463644231,187891.4855
11,E14000540,Barking,546099,184533,0.10534,51.54079819,20454601.3,30267.7435
12,E14000541,Barnsley Central,433719,408537,-1.49220002,53.57239914,48367325.7,49661.29504
13,E14000542,Barnsley East,439730,404883,-1.40190005,53.53910065,86809203.52,58498.45696
14,E14000543,Barrow and Furness,325384,484663,-3.14669991,54.25220108,281406526,192290.5128
15,E14000544,Basildon and Billericay,569070,192467,0.44009,51.60570145,60215769.28,37877.92834
16,E14000545,Basingstoke,465234,151979,-1.06640005,51.26319885,58900191.22,47418.39328
17,E14000546,Bassetlaw,469769,385125,-0.95310003,53.35839844,479568098,140663.2507
18,E14000547,Bath,374693,164413,-2.36490011,51.37820053,28681651.74,33999.20974
19,E14000548,Batley and Spen,420570,425305,-1.68970001,53.72380066,55047036.05,45295.22753
20,E14000549,Battersea,527493,175641,-0.16599999,51.4654007,10296476.24,21631.67608
21,E14000550,Beaconsfield,498198,185455,-0.5848,51.55939865,176279889.3,104174.4776
22,E14000551,Beckenham,540141,167041,0.01256,51.38510132,34480725.33,35979.08017
23,E14000552,Bedford,505470,248675,-0.46070001,52.12630081,33967226.79,35427.38071
24,E14000553,Bermondsey and Old Southwark,533846,178919,-0.0733,51.49340057,10426517.67,20662.27514
25,E14000554,Berwick-upon-Tweed,404456,611882,-1.93120003,55.40090179,2379418011,402921.8712
26,E14000555,Bethnal Green and Bow,535339,182777,-0.0503,51.52769852,9176220.82,16000.83479
27,E14000556,Beverley and Holderness,523478,430751,-0.1285,53.75849915,776193495.4,246672.3252
28,E14000557,Bexhill and Battle,572483,119019,0.45390999,50.94480133,528952118.7,177037.51
29,E14000558,Bexleyheath and Crayford,549971,175943,0.15748,51.46260071,21613659.57,28473.95258
30,E14000559,Birkenhead,330482,388287,-3.0466001,53.38679886,25105826.24,24058.20322
31,E14000560,"Birmingham, Edgbaston",402500,283463,-1.96459997,52.44910049,28310221.92,30196.9619
32,E14000561,"Birmingham, Erdington",410573,292673,-1.84549999,52.53179932,22031576.21,24976.92457
33,E14000562,"Birmingham, Hall Green",408501,282513,-1.87629998,52.44049835,19760733.57,25501.91073
34,E14000563,"Birmingham, Hodge Hill",410878,287656,-1.84119999,52.48669815,20509353.86,29198.37362
35,E14000564,"Birmingham, Ladywood",407075,288133,-1.89719999,52.49110031,25736807.34,35654.46082
36,E14000565,"Birmingham, Northfield",401888,279459,-1.97360003,52.4131012,24426213.22,32982.21359
37,E14000566,"Birmingham, Perry Barr",406035,291868,-1.91240001,52.52470016,24868515.56,28072.64736
38,E14000567,"Birmingham, Selly Oak",406396,280770,-1.9073,52.42490005,21872699.25,30371.21942
39,E14000568,"Birmingham, Yardley",412993,284792,-1.81009996,52.46089935,22601357.81,27634.31688
40,E14000569,Bishop Auckland,400989,521813,-1.98619998,54.59149933,922670335.4,194979.3737
41,E14000570,Blackburn,367090,427991,-2.50049996,53.74729919,40336230.73,31148.69085
42,E14000571,Blackley and Broughton,384164,401961,-2.24020004,53.51409912,28115285.2,34206.80514
43,E14000572,Blackpool North and Cleveleys,333059,443882,-3.01990008,53.88679886,23013371.52,35248.18312
44,E14000573,Blackpool South,332763,433883,-3.02220011,53.7969017,20185814.49,23663.94112
45,E14000574,Blaydon,417664,559658,-1.72580004,54.93130112,110329842.6,75852.46461
46,E14000575,Blyth Valley,428115,577679,-1.56099999,55.09280014,70362520.35,49299.66776
47,E14000576,Bognor Regis and Littlehampton,494562,100500,-0.65960002,50.79629898,61196387.41,67775.47829
48,E14000577,Bolsover,447998,366869,-1.28289998,53.19680023,226396312.2,116473.099
49,E14000578,Bolton North East,372934,412475,-2.41050005,53.60810089,35964499.99,35845.83109
50,E14000579,Bolton South East,371679,406344,-2.4289,53.5530014,36796806.77,36093.70549
51,E14000580,Bolton West,364518,408253,-2.53719997,53.56969833,71777665.02,55639.7495
52,E14000581,Bootle,333951,397251,-2.99640012,53.46780014,25592844.4,24831.96051
53,E14000582,Boston and Skegness,537976,351211,0.05649,53.04040146,708102486.1,236215.7318
54,E14000583,Bosworth,439538,301379,-1.41750002,52.60879898,288999651.7,109452.9658
55,E14000584,Bournemouth East,411614,93655,-1.83669996,50.74240112,25207869.05,36557.06626
56,E14000585,Bournemouth West,406759,94023,-1.90550005,50.74580002,27111993.01,28297.10644
57,E14000586,Bracknell,483647,165246,-0.79939997,51.38010025,73921757.4,49006.7585
58,E14000587,Bradford East,417427,433388,-1.73689997,53.79650116,28452996.14,36608.84355
59,E14000588,Bradford South,415841,429295,-1.76119995,53.75979996,43285351.55,59128.0019
60,E14000589,Bradford West,412492,433844,-1.8118,53.80080032,35201219.03,40351.68143
61,E14000590,Braintree,577253,232650,0.57863998,51.96409988,467497405.5,139293.5251
62,E14000591,Brent Central,521541,185236,-0.2483,51.55289841,18254526.77,28854.29755
63,E14000592,Brent North,518094,186649,-0.29750001,51.56639862,20796063,29389.99009
64,E14000593,Brentford and Isleworth,516568,177052,-0.32269999,51.48040009,26119090.18,42649.72673
65,E14000594,Brentwood and Ongar,556779,200101,0.26618001,51.67779922,316746315.7,97687.32935
66,E14000595,Bridgwater and West Somerset,302014,136702,-3.40140009,51.12120056,1082212992,303500.3114
67,E14000596,Brigg and Goole,476705,409463,-0.84299999,53.57619858,637305944.8,264195.4551
68,E14000597,"Brighton, Kemptown",534575,104472,-0.0906,50.82419968,39723256.63,45427.62341
69,E14000598,"Brighton, Pavilion",531231,107528,-0.13699999,50.85240173,29050485.78,33749.88321
70,E14000599,Bristol East,362430,172547,-2.54200006,51.45059967,23715760.69,34069.42273
71,E14000600,Bristol North West,355048,178219,-2.64890003,51.50109863,44182267.23,67785.24164
72,E14000601,Bristol South,358409,169601,-2.59949994,51.4239006,24566068.12,25696.5194
73,E14000602,Bristol West,359407,174253,-2.58570004,51.46580124,17233556.66,22315.48046
74,E14000603,Broadland,617274,321242,1.21756995,52.74509811,764131144.6,290123.8363
75,E14000604,Bromley and Chislehurst,542971,170358,0.05453,51.41419983,29363100.38,37892.80521
76,E14000605,Bromsgrove,399840,273736,-2.00370002,52.36169815,217034253.1,110407.9381
77,E14000606,Broxbourne,534218,205427,-0.0578,51.73149872,66889113.6,47230.89782
78,E14000607,Broxtowe,450754,346085,-1.245,53.00970078,65834581.82,56000.32212
79,E14000608,Buckingham,477472,222419,-0.87550002,51.89500046,866956359.6,255511.0489
80,E14000609,Burnley,384886,430882,-2.23079991,53.77410126,110687124.8,56282.2959
81,E14000610,Burton,404391,334740,-1.93610001,52.91009903,243342338.4,158151.5757
82,E14000611,Bury North,379312,413522,-2.31419992,53.61780167,50992291.96,44600.22028
83,E14000612,Bury South,380354,406519,-2.2980001,53.55490112,48460303.53,47958.44509
84,E14000613,Bury St. Edmunds,594529,264764,0.84811002,52.24670029,502019564.2,176833.5679
85,E14000614,Calder Valley,403388,423842,-1.95009995,53.71099854,306259860.4,122149.3418
86,E14000615,Camberwell and Peckham,533978,176264,-0.0724,51.4695015,11381556.14,21357.09985
87,E14000616,Camborne and Redruth,171361,37224,-5.2045002,50.19079971,279362669.4,152649.3543
88,E14000617,Cambridge,545420,257901,0.12643,52.20019913,36184346.94,40616.42233
89,E14000618,Cannock Chase,401261,311553,-1.98269999,52.7016983,78894781.13,49300.39544
90,E14000619,Canterbury,615361,155814,1.08536005,51.26079941,248683819.6,114365.6718
91,E14000620,Carlisle,339781,552314,-2.93959999,54.86199951,210710316,113691.8189
92,E14000621,Carshalton and Wallington,528288,163524,-0.15889999,51.35630035,25493733.81,30944.40587
93,E14000622,Castle Point,579490,187921,0.58807999,51.56159973,45024377.13,65364.5952
94,E14000623,Central Devon,272816,92580,-3.80299997,50.71889877,1413376577,291859.9376
95,E14000624,Central Suffolk and North Ipswich,619438,262142,1.21070004,52.21379852,796198064,194742.631
96,E14000625,Charnwood,458723,311183,-1.13250005,52.69520187,171491601.7,121106.6669
97,E14000626,Chatham and Aylesford,574815,163047,0.50843,51.33959961,61446646.79,83378.29783
98,E14000627,Cheadle,387557,385611,-2.18840003,53.36719894,39373105.21,38859.7911
99,E14000628,Chelmsford,571558,205432,0.48234001,51.72140121,42401898.7,37004.72714
100,E14000629,Chelsea and Fulham,525982,177080,-0.18719999,51.47859955,8274164.169,16688.43063
101,E14000630,Cheltenham,394670,221154,-2.07879996,51.88890076,37209771.03,34078.98041
102,E14000631,Chesham and Amersham,495432,198692,-0.62110001,51.67890167,196377974.8,86148.22619
103,E14000632,Chesterfield,440100,372487,-1.40050006,53.2478981,47343348.92,46208.61021
104,E14000633,Chichester,490172,116639,-0.71789998,50.94210052,621193104,243605.8536
105,E14000634,Chingford and Woodford Green,538751,192824,0.00273,51.61709976,19064732.53,21946.70537
106,E14000635,Chippenham,385912,164688,-2.20379996,51.3810997,167620987.8,92863.50605
107,E14000636,Chipping Barnet,525721,194354,-0.1848,51.63389969,34609115.67,38822.52747
108,E14000637,Chorley,358735,418081,-2.62579989,53.6576004,155191837.3,75203.71557
109,E14000638,Christchurch,412843,100944,-1.81900001,50.80789948,108684084.4,96506.22443
110,E14000639,Cities of London and Westminster,528186,180101,-0.15440001,51.50529861,16391009.84,28419.51686
111,E14000640,City of Chester,339234,361923,-2.91000009,53.15100098,133478096.3,90695.87013
112,E14000641,City of Durham,427183,541519,-1.579,54.76789856,186642526,97823.03596
113,E14000642,Clacton,618208,219640,1.16565001,51.83269882,132254114.9,134601.7644
114,E14000643,Cleethorpes,516863,415672,-0.2344,53.62459946,330370299.4,153423.7429
115,E14000644,Colchester,599674,224891,0.90007001,51.88679886,45612366.71,38891.66629
116,E14000645,Colne Valley,408584,411123,-1.87170005,53.59659958,180373687.8,73430.68167
117,E14000646,Congleton,380524,363233,-2.29270005,53.16590118,211013880.1,98375.44979
118,E14000647,Copeland,314472,504227,-3.3197,54.42630005,1184573877,289081.8768
119,E14000648,Corby,496882,284831,-0.57569999,52.45289993,553870843.5,164772.5546
120,E14000649,Coventry North East,436254,281108,-1.46819997,52.42679977,27184867.58,28407.50233
121,E14000650,Coventry North West,430295,281733,-1.55579996,52.43280029,38554591.58,32037.53725
122,E14000651,Coventry South,432903,277293,-1.51789999,52.3927002,32887520.77,42669.64995
123,E14000652,Crawley,526390,137581,-0.1953,51.12360001,44971580.79,38082.581
124,E14000653,Crewe and Nantwich,371379,350813,-2.42840004,53.05379868,136192709.9,65718.4459
125,E14000654,Croydon Central,535759,165277,-0.051,51.37030029,25697582.22,30817.69693
126,E14000655,Croydon North,532366,168762,-0.0984,51.40250015,17551185.3,20706.96002
127,E14000656,Croydon South,532475,160711,-0.0998,51.33010101,43298651.31,38446.33101
128,E14000657,Dagenham and Rainham,551634,183167,0.18450999,51.52709961,40949597.7,46752.51677
129,E14000658,Darlington,429096,515409,-1.55180001,54.53310013,30047045.94,30949.94281
130,E14000659,Dartford,556489,173122,0.24999,51.4355011,85912505.64,71894.02329
131,E14000660,Daventry,469194,268437,-0.98640001,52.30970001,748512570.1,208047.3217
132,E14000661,Denton and Reddish,391356,394907,-2.1315999,53.45090103,25678016.83,43055.20323
133,E14000662,Derby North,432427,336128,-1.51909995,52.92160034,29516654.62,36069.74361
134,E14000663,Derby South,436265,333095,-1.46229994,52.89410019,31226841.31,31540.95042
135,E14000664,Derbyshire Dales,420966,359002,-1.68809998,53.12779999,910928945.4,245460.5823
136,E14000665,Devizes,413665,161526,-1.80509996,51.3526001,1023361486,196670.574
137,E14000666,Dewsbury,421195,414257,-1.68099999,53.62440109,126049226.7,75982.55867
138,E14000667,Don Valley,460102,396080,-1.09630001,53.45809937,250914654.1,121085.5805
139,E14000668,Doncaster Central,460833,404244,-1.08369994,53.53139877,60570568.23,60427.65758
140,E14000669,Doncaster North,455325,408912,-1.16589999,53.57389832,256537996,142952.5558
141,E14000670,Dover,629114,147136,1.2766,51.17750168,214187787.1,92675.81604
142,E14000671,Dudley North,392287,291911,-2.11509991,52.52500153,23052476.07,27864.61955
143,E14000672,Dudley South,391503,288292,-2.12649989,52.49250031,25395315.09,28088.64073
144,E14000673,Dulwich and West Norwood,532835,172745,-0.0902,51.43809891,14817075.95,20987.38642
145,E14000674,Ealing Central and Acton,519016,181119,-0.2861,51.51649857,17946294.34,24232.31339
146,E14000675,Ealing North,513800,183124,-0.36059999,51.53559875,23253067.69,26529.43321
147,E14000676,"Ealing, Southall",514022,180335,-0.3583,51.51039886,14351296.38,26168.10156
148,E14000677,Easington,441506,544447,-1.35599995,54.79320145,117706715.6,69022.65424
149,E14000678,East Devon,305686,90923,-3.33710003,50.71030045,333253729.4,115741.3945
150,E14000679,East Ham,542702,183073,0.0558,51.5284996,18879195.28,27317.93287
151,E14000680,East Hampshire,474404,130897,-0.9393,51.07260132,463611220.1,121820.2858
152,E14000681,East Surrey,535127,149673,-0.066,51.2303009,259426949.4,86993.5586
153,E14000682,East Worthing and Shoreham,516687,106109,-0.34400001,50.84270096,55340636.7,60791.37365
154,E14000683,East Yorkshire,494376,455529,-0.56209999,53.98720169,1052838195,251161.7642
155,E14000684,Eastbourne,560044,100404,0.26886001,50.78110123,54963679.64,36125.18775
156,E14000685,Eastleigh,447457,116523,-1.32579994,50.94620132,72646580.95,67442.11669
157,E14000686,Eddisbury,355955,357876,-2.65949988,53.11619949,712446172.6,210130.5614
158,E14000687,Edmonton,534700,194035,-0.0552,51.62900162,19749311.67,22950.29991
159,E14000688,Ellesmere Port and Neston,342023,374067,-2.87050009,53.26039886,119754105.9,115186.5685
160,E14000689,Elmet and Rothwell,437927,442179,-1.42460001,53.87450027,246028167.4,116076.606
161,E14000690,Eltham,542694,174625,0.05227,51.45259857,21587179.94,27337.18124
162,E14000691,Enfield North,533311,198224,-0.0737,51.66699982,37256707.28,34760.59735
163,E14000692,"Enfield, Southgate",529426,196196,-0.13060001,51.64970016,25158346.2,37595.6649
164,E14000693,Epping Forest,542999,199636,0.06683,51.6772995,126214741.7,73288.31481
165,E14000694,Epsom and Ewell,520890,161165,-0.26589999,51.33670044,51726762.34,35227.73204
166,E14000695,Erewash,446887,337932,-1.30379999,52.9367981,60051827.94,57288.12097
167,E14000696,Erith and Thamesmead,547906,179127,0.12910999,51.49169922,23342877.11,24561.11043
168,E14000697,Esher and Walton,513123,163563,-0.3766,51.35990143,80504415.52,44708.67007
169,E14000698,Exeter,293158,92888,-3.5150001,50.72570038,37982119.53,38552.85019
170,E14000699,Fareham,455613,106747,-1.2112,50.85760117,63276366.69,62157.99549
171,E14000700,Faversham and Mid Kent,589077,153142,0.70771003,51.24610138,388041991.6,154414.377
172,E14000701,Feltham and Heston,510743,174852,-0.40720001,51.46179962,29843018.6,37620.8433
173,E14000702,Filton and Bradley Stoke,359917,181651,-2.57920003,51.53229904,80706325.34,64586.61863
174,E14000703,Finchley and Golders Green,525192,189003,-0.1943,51.58599854,20828970.85,25895.3446
175,E14000704,Folkestone and Hythe,610318,138086,1.00282001,51.10350037,433749831,151486.4824
176,E14000705,Forest of Dean,370366,223233,-2.43210006,51.90679932,584110634.3,206629.84
177,E14000706,Fylde,340582,433974,-2.90350008,53.79869843,173959896.4,110850.5523
178,E14000707,Gainsborough,499314,390326,-0.50770003,53.40039825,1201076023,243952.2695
179,E14000708,Garston and Halewood,343589,385827,-2.84920001,53.36629868,51013491.73,37733.31853
180,E14000709,Gateshead,426033,561058,-1.59510005,54.94350052,24588364.3,32557.40621
181,E14000710,Gedling,462238,343793,-1.07430005,52.98789978,38139767.33,43421.62478
182,E14000711,Gillingham and Rainham,580021,165775,0.58446997,51.36249924,30445283.82,45980.57716
183,E14000712,Gloucester,384048,216342,-2.2328999,51.84550095,37703660.24,33621.15587
184,E14000713,Gosport,458429,101452,-1.17200005,50.80970001,36353364.59,41425.02825
185,E14000714,Grantham and Stamford,502953,323566,-0.4743,52.79990005,685725519.7,165944.4413
186,E14000715,Gravesham,566969,169115,0.39873999,51.39649963,99048609.47,58929.4058
187,E14000716,Great Grimsby,526243,408047,-0.0958,53.55390167,28059685.39,30063.64473
188,E14000717,Great Yarmouth,646760,315882,1.64949,52.68439865,174482186.8,134848.9698
189,E14000718,Greenwich and Woolwich,541975,178075,0.04332,51.48379898,16780427.37,33024.32977
190,E14000719,Guildford,499332,149061,-0.57859999,51.23210144,188725092.7,118168.9767
191,E14000720,Hackney North and Stoke Newington,533597,186241,-0.0741,51.55920029,9074018.244,15415.7473
192,E14000721,Hackney South and Shoreditch,534514,184214,-0.0617,51.54079819,9985920.46,21264.51534
193,E14000722,Halesowen and Rowley Regis,396407,285885,-2.05430007,52.47090149,29750092.96,35553.92312
194,E14000723,Halifax,408844,427072,-1.86730003,53.74000168,57723331.57,51479.15338
195,E14000724,Haltemprice and Howden,488260,432100,-0.66210002,53.77780151,431815099.1,154268.0145
196,E14000725,Halton,350931,385329,-2.73880005,53.36249924,50854158.51,61858.30643
197,E14000726,Hammersmith,523262,179604,-0.2254,51.50189972,11265622.27,18666.48839
198,E14000727,Hampstead and Kilburn,525224,184366,-0.1955,51.54430008,12775697.6,22439.86808
199,E14000728,Harborough,467129,293798,-1.01160002,52.53789902,204883495.6,112445.5765
200,E14000729,Harlow,544823,209764,0.0974,51.76779938,79702315.41,73203.44124
201,E14000730,Harrogate and Knaresborough,433778,459121,-1.48580003,54.02700043,148164474.1,85728.45027
202,E14000731,Harrow East,516589,191686,-0.3175,51.61190033,23704995.63,24657.54393
203,E14000732,Harrow West,514330,188003,-0.35139999,51.57929993,17821784.95,22392.91723
204,E14000733,Hartlepool,447157,531476,-1.27020001,54.67620087,93592025.29,69418.09966
205,E14000734,Harwich and North Essex,606257,226703,0.99667001,51.90069962,393066974.4,268775.5532
206,E14000735,Hastings and Rye,586062,116890,0.64591002,50.92150116,177046362.7,108964.5105
207,E14000736,Havant,471155,107782,-0.99019998,50.86520004,47200566.48,87651.51
208,E14000737,Hayes and Harlington,508166,177727,-0.4434,51.48820114,45051749.59,35545.1664
209,E14000738,Hazel Grove,395593,389164,-2.06769991,53.39929962,58305000.17,46192.02257
210,E14000739,Hemel Hempstead,503880,211168,-0.49520001,51.78950119,104375487.4,68102.3977
211,E14000740,Hemsworth,440578,416338,-1.38769996,53.64199829,150004819.4,77078.75345
212,E14000741,Hendon,521216,191863,-0.2507,51.61249924,31370901.1,31546.50435
213,E14000742,Henley,461998,194076,-1.10539997,51.64210129,684037964.5,233331.6133
214,E14000743,Hereford and South Herefordshire,342784,230969,-2.83430004,51.9742012,724198970.5,207941.6984
215,E14000744,Hertford and Stortford,540248,214919,0.03322,51.81529999,156620265.1,91805.09655
216,E14000745,Hertsmere,519774,199352,-0.26890001,51.68019867,101113727.3,60269.58802
217,E14000746,Hexham,390212,567671,-2.15450001,55.00350189,2439647059,353804.5132
218,E14000747,Heywood and Middleton,385746,412106,-2.21679997,53.6053009,72594813.76,56636.61546
219,E14000748,High Peak,410474,387660,-1.84389997,53.38570023,540207158.3,156444.8549
220,E14000749,Hitchin and Harpenden,517305,222266,-0.2969,51.88660049,256306494.8,134112.7823
221,E14000750,Holborn and St. Pancras,529119,183943,-0.13950001,51.53960037,13181104.03,21450.65384
222,E14000751,Hornchurch and Upminster,556974,186879,0.26308,51.55889893,57650372.94,49196.18842
223,E14000752,Hornsey and Wood Green,529562,189749,-0.131,51.59170151,16443456.08,22327.68386
224,E14000753,Horsham,516728,128429,-0.3362,51.04339981,344359942.9,158144.6902
225,E14000754,Houghton and Sunderland South,436071,550396,-1.43980002,54.8470993,65850510.58,43017.8767
226,E14000755,Hove,526925,107165,-0.1983,50.85010147,23937813.3,22402.23044
227,E14000756,Huddersfield,416063,417801,-1.75839996,53.65650177,47039502.28,40877.35641
228,E14000757,Huntingdon,518908,268395,-0.25749999,52.30080032,334950511.8,164054.5611
229,E14000758,Hyndburn,374762,428561,-2.3842001,53.75279999,90250669.77,51439.59667
230,E14000759,Ilford North,544659,190971,0.08724,51.59899902,28994183.27,28833.03263
231,E14000760,Ilford South,544661,186984,0.08563,51.5632019,15672834.68,23344.62003
232,E14000761,Ipswich,617201,244449,1.16672003,52.05580139,31529448.09,39157.29768
233,E14000762,Isle of Wight,447186,85950,-1.33360004,50.67129898,380195501.6,181815.5971
234,E14000763,Islington North,530598,186352,-0.1173,51.56090164,7380220.569,14246.68067
235,E14000764,Islington South and Finsbury,531411,183491,-0.1067,51.53499985,7479163.725,14805.82079
236,E14000765,Jarrow,431908,562657,-1.50320005,54.95750046,47244659.18,48450.7741
237,E14000766,Keighley,405387,444493,-1.91949999,53.89659882,164407452.5,80357.54301
238,E14000767,Kenilworth and Southam,442375,260518,-1.38080001,52.24119949,620534605.7,216288.9772
239,E14000768,Kensington,525530,179388,-0.1929,51.49950027,8977409.711,19263.10426
240,E14000769,Kettering,483866,282852,-0.76770002,52.43719864,233498100,97138.92618
241,E14000770,Kingston and Surbiton,519508,166863,-0.28380001,51.38819885,28394120.28,30801.16436
242,E14000771,Kingston upon Hull East,512460,431504,-0.29519999,53.76779938,28663362.53,30066.12298
243,E14000772,Kingston upon Hull North,507982,431612,-0.36309999,53.7696991,24815059.79,34170.2248
244,E14000773,Kingston upon Hull West and Hessle,507415,428279,-0.37290001,53.7397995,23709231.6,32165.78176
245,E14000774,Kingswood,367363,172198,-2.47099996,51.44779968,43106371.9,45823.70595
246,E14000775,Knowsley,343147,394435,-2.85739994,53.4435997,54248843.76,46412.24087
247,E14000776,Lancaster and Fleetwood,353827,456824,-2.70589995,54.00540161,437758148.2,246355.2662
248,E14000777,Leeds Central,431014,431345,-1.53079998,53.77750015,40942761.36,34057.65105
249,E14000778,Leeds East,435457,435028,-1.46300006,53.81029892,33696496.43,34006.96102
250,E14000779,Leeds North East,430948,438845,-1.53110003,53.84489822,39478483.78,33070.80094
251,E14000780,Leeds North West,423969,440852,-1.63699996,53.86330032,62152748.75,59306.20778
252,E14000781,Leeds West,425371,433988,-1.61619997,53.80160141,30242777.07,34707.91277
253,E14000782,Leicester East,461961,305445,-1.08570004,52.64319992,23301905.2,24363.12335
254,E14000783,Leicester South,458931,302341,-1.13100004,52.61569977,21198090.67,25896.09062
255,E14000784,Leicester West,456222,306111,-1.17030001,52.64979935,28898159.21,27834.76423
256,E14000785,Leigh,365379,399156,-2.52320004,53.48799896,67064092.6,52256.85849
257,E14000786,Lewes,545745,107945,0.06917,50.85269928,370748938.1,213646.8809
258,E14000787,Lewisham East,538644,173593,-0.0063,51.44440079,14826449.09,30826.20387
259,E14000788,Lewisham West and Penge,536088,170861,-0.0441,51.42039871,15844629.37,23377.66442
260,E14000789,"Lewisham, Deptford",537339,175928,-0.0242,51.46569824,12036512.75,23031.99494
261,E14000790,Leyton and Wanstead,539833,187830,0.01636,51.5719986,15328503.84,22831.31731
262,E14000791,Lichfield,412225,317506,-1.82029998,52.75500107,329124162.6,119550.9079
263,E14000792,Lincoln,495467,370186,-0.57160002,53.22019958,63883465.12,51649.86933
264,E14000793,"Liverpool, Riverside",336390,388230,-2.95779991,53.38710022,24098792.31,32186.88875
265,E14000794,"Liverpool, Walton",336910,394442,-2.95120001,53.44300079,19761223.69,29528.77971
266,E14000795,"Liverpool, Wavertree",339023,390195,-2.91860008,53.40499878,17053609.36,24800.94144
267,E14000796,"Liverpool, West Derby",339745,393988,-2.90849996,53.43920135,20606133.27,26729.53347
268,E14000797,Loughborough,453785,319805,-1.20410001,52.77320099,130581470.9,77033.42574
269,E14000798,Louth and Horncastle,535171,382507,0.0279,53.32229996,1376307248,291360.3391
270,E14000799,Ludlow,350065,287901,-2.73670006,52.48669815,1554970676,330731.6999
271,E14000800,Luton North,507002,224395,-0.44589999,51.90779877,18780016.31,21111.25477
272,E14000801,Luton South,508555,220571,-0.42449999,51.87319946,55755133.22,39626.81898
273,E14000802,Macclesfield,390591,374746,-2.14249992,53.26959991,301759198.7,97212.59832
274,E14000803,Maidenhead,484373,178129,-0.7859,51.49580002,183349506.7,81652.24426
275,E14000804,Maidstone and The Weald,575796,149220,0.51569998,51.21509933,223645342.9,118422.8756
276,E14000805,Makerfield,358209,402916,-2.63170004,53.52130127,55866539.39,52623.9216
277,E14000806,Maldon,588678,201762,0.72793001,51.68289948,375947287.2,312858.2379
278,E14000807,Manchester Central,386354,398829,-2.20709991,53.48600006,28453025.36,35910.59255
279,E14000808,"Manchester, Gorton",386935,395086,-2.19819999,53.45240021,17302901.68,27224.73003
280,E14000809,"Manchester, Withington",384007,392132,-2.2421,53.42580032,19304055.85,27788.05137
281,E14000810,Mansfield,455047,363637,-1.17799997,53.16699982,76658223.66,50233.89953
282,E14000811,Meon Valley,462539,119561,-1.11059999,50.9720993,402189416.2,133871.7851
283,E14000812,Meriden,418290,281451,-1.73239994,52.43080139,145561786.7,99303.11384
284,E14000813,Mid Bedfordshire,504718,239346,-0.4745,52.04259872,457472909.4,156074.5199
285,E14000814,Mid Derbyshire,439737,341743,-1.40970004,52.97159958,92144159.22,86526.09127
286,E14000815,Mid Dorset and North Poole,391551,94607,-2.12109995,50.75099945,175796114.1,123665.0081
287,E14000816,Mid Norfolk,597388,311524,0.91755998,52.66550064,760379343.8,169781.4077
288,E14000817,Mid Sussex,527731,126921,-0.17990001,51.02750015,188093022.2,140628.495
289,E14000818,Mid Worcestershire,393275,253990,-2.09969997,52.1841011,440829717,218266.5454
290,E14000819,Middlesbrough,450286,518464,-1.22389996,54.55889893,29146748.42,33440.68432
291,E14000820,Middlesbrough South and East Cleveland,465116,516429,-0.99510002,54.53900146,197141343.9,98451.69513
292,E14000821,Milton Keynes North,486764,246259,-0.73449999,52.10789871,228801569,79177.23047
293,E14000822,Milton Keynes South,486551,236093,-0.74010003,52.01649857,79842102.64,60612.58954
294,E14000823,Mitcham and Morden,528027,168563,-0.1608,51.40159988,16446999.36,26963.59178
295,E14000824,Mole Valley,514427,147482,-0.36300001,51.21509933,369452800,134934.7475
296,E14000825,Morecambe and Lunesdale,353509,468965,-2.71259999,54.11439896,253517125.8,190218.0132
297,E14000826,Morley and Outwood,431161,425385,-1.52919996,53.72399902,68603195.78,63705.27782
298,E14000827,New Forest East,435181,105110,-1.50160003,50.8443985,396816707.3,169756.1533
299,E14000828,New Forest West,418339,108094,-1.74070001,50.87210083,356187811.5,162115.8645
300,E14000829,Newark,475944,357675,-0.86690003,53.11090088,700371746.8,220504.0198
301,E14000830,Newbury,447318,172095,-1.32050002,51.44589996,596764229.5,148490.3229
302,E14000831,Newcastle upon Tyne Central,422342,565906,-1.65240002,54.98730087,23772099.36,21290.88778
303,E14000832,Newcastle upon Tyne East,427215,565674,-1.57620001,54.98490143,19084612.32,24586.68526
304,E14000833,Newcastle upon Tyne North,421039,569925,-1.6724,55.02339935,70578403.04,54592.94065
305,E14000834,Newcastle-under-Lyme,380356,348791,-2.29430008,53.0359993,81083321.51,52241.85137
306,E14000835,Newton Abbot,288933,74357,-3.56929994,50.5583992,203688261.1,115528.3135
307,E14000836,"Normanton, Pontefract and Castleford",447021,422148,-1.28929996,53.69369888,86377393.86,68612.9921
308,E14000837,North Cornwall,212024,78838,-4.6564002,50.57889938,1195232141,376827.7655
309,E14000838,North Devon,265110,132524,-3.92689991,51.0760994,1085973651,286481.9281
310,E14000839,North Dorset,390177,113279,-2.14109993,50.91889954,880668073.3,209180.0228
311,E14000840,North Durham,423154,551799,-1.6408,54.86050034,104087633.2,70462.7923
312,E14000841,North East Bedfordshire,509132,258803,-0.4039,52.21659851,542687851.5,188981.7941
313,E14000842,North East Cambridgeshire,537554,293446,0.02596,52.52149963,724163323.5,259639.2392
314,E14000843,North East Derbyshire,437369,365923,-1.44210005,53.18909836,228275226.3,144236.4321
315,E14000844,North East Hampshire,477217,151423,-0.89480001,51.25669861,401461111.3,154295.0508
316,E14000845,North East Hertfordshire,533034,227739,-0.0664,51.93230057,502210497.7,157602.2149
317,E14000846,North East Somerset,364116,161999,-2.51670003,51.35589981,322495874.6,171407.9987
318,E14000847,North Herefordshire,348792,251361,-2.7499001,52.15810013,1455512152,337871.7866
319,E14000848,North Norfolk,623473,330845,1.31579995,52.8288002,728118445.5,323319.9019
320,E14000849,North Shropshire,349128,330083,-2.75710011,52.86579895,935256448.7,266977.9273
321,E14000850,North Somerset,347309,169216,-2.75909996,51.41949844,228307708.5,116539.8399
322,E14000851,North Swindon,417320,190622,-1.75119996,51.61420059,106340019.2,62857.34795
323,E14000852,North Thanet,625041,165662,1.23006999,51.34550095,136915883.4,77905.74842
324,E14000853,North Tyneside,429481,568918,-1.54050004,55.01399994,44183527.7,50811.676
325,E14000854,North Warwickshire,424687,296012,-1.6372,52.56140137,266515809.5,137030.0593
326,E14000855,North West Cambridgeshire,522387,289492,-0.1989,52.48960114,745980699.9,227678.5373
327,E14000856,North West Durham,404359,544374,-1.93369997,54.7942009,701040262.6,192368.3964
328,E14000857,North West Hampshire,446060,151304,-1.34119999,51.25899887,589528639.3,156775.2638
329,E14000858,North West Leicestershire,439111,316252,-1.42200005,52.74250031,279328196.4,113615.8544
330,E14000859,North West Norfolk,574445,328868,0.58789003,52.82910156,787496197.7,292846.3991
331,E14000860,North Wiltshire,396155,182656,-2.05679989,51.5428009,714264125.4,203424.306
332,E14000861,Northampton North,477324,263094,-0.86839998,52.26060104,22364088.9,25891.6036
333,E14000862,Northampton South,480096,261363,-0.82819998,52.24459839,32915686.62,39728.88502
334,E14000863,Norwich North,623503,311330,1.30297005,52.65359879,36188916.16,39003.0223
335,E14000864,Norwich South,621219,308012,1.26703,52.62480164,28784006.93,42685.25384
336,E14000865,Nottingham East,458309,341526,-1.13320005,52.96789932,18691738.72,23476.0215
337,E14000866,Nottingham North,454115,344384,-1.19519997,52.99409866,23345773.16,35625.01069
338,E14000867,Nottingham South,454681,339273,-1.18760002,52.94810104,32560460.6,38384.28763
339,E14000868,Nuneaton,431696,292172,-1.53419995,52.5265007,83031304.53,56605.73178
340,E14000869,Old Bexley and Sidcup,548002,173628,0.12819,51.44229889,24570163.89,28694.24002
341,E14000870,Oldham East and Saddleworth,398906,408181,-2.01789999,53.57030106,104409048.8,57469.98698
342,E14000871,Oldham West and Royton,390878,405957,-2.13910007,53.55020142,30851043.47,32952.333
343,E14000872,Orpington,544861,162534,0.07851,51.34339905,78751448.97,57969.19248
344,E14000873,Oxford East,453747,205162,-1.22290003,51.74259949,30622060.49,30014.71508
345,E14000874,Oxford West and Abingdon,447995,207687,-1.30589998,51.76580048,128750752.1,84011.0044
346,E14000875,Pendle,387637,443368,-2.18950009,53.88639832,169386490.3,77787.72428
347,E14000876,Penistone and Stocksbridge,423088,401791,-1.65330005,53.51229858,293840211.1,104714.5901
348,E14000877,Penrith and The Border,356508,545631,-2.67810011,54.80369949,3120204845,500786.5838
349,E14000878,Peterborough,524756,303751,-0.1586,52.61719894,175072114.6,65376.45391
350,E14000879,"Plymouth, Moor View",248145,59475,-4.13870001,50.41540146,32644508.1,35171.35797
351,E14000880,"Plymouth, Sutton and Devonport",247629,55529,-4.14440012,50.37979889,21153212.78,40016.07064
352,E14000881,Poole,403952,91153,-1.94529998,50.72000122,30940634.38,61530.12519
353,E14000882,Poplar and Limehouse,537808,180645,-0.0156,51.50790024,10590515.21,23724.24033
354,E14000883,Portsmouth North,466078,105233,-1.06280005,50.84280014,26931110.71,47966.70563
355,E14000884,Portsmouth South,465420,99877,-1.07309997,50.7947998,13420222.51,24761.88641
356,E14000885,Preston,354517,430860,-2.69149995,53.77209854,26456340.51,40446.24113
357,E14000886,Pudsey,422501,438013,-1.6595,53.83789825,54973424.73,63817.43229
358,E14000887,Putney,523535,174102,-0.2234,51.45240021,12765573.44,18834.97174
359,E14000888,Rayleigh and Wickford,584214,192879,0.65875,51.604599,112142863.8,98049.76174
360,E14000889,Reading East,473252,173539,-0.94700003,51.45610046,27564059.22,43306.43285
361,E14000890,Reading West,467724,172897,-1.02670002,51.45100021,50899686.39,45161.49639
362,E14000891,Redcar,458878,521567,-1.09039998,54.58589935,72455112.95,64356.24275
363,E14000892,Redditch,401238,258510,-1.98319995,52.22480011,148653017.2,88626.65358
364,E14000893,Reigate,525733,152598,-0.19939999,51.25870132,111830973.9,73580.32878
365,E14000894,Ribble Valley,369878,446287,-2.46000004,53.91189957,632619596.9,179872.2299
366,E14000895,Richmond (Yorks),412781,495786,-1.80480003,54.35739899,2077861040,363828.3342
367,E14000896,Richmond Park,519834,173049,-0.27700001,51.44380188,37118575.55,37754.13854
368,E14000897,Rochdale,392416,415285,-2.11610007,53.63399887,85561405.84,55771.87983
369,E14000898,Rochester and Strood,578207,175196,0.56317002,51.4477005,148660134.9,152165.9816
370,E14000899,Rochford and Southend East,591941,188292,0.76769,51.56079865,93152189.62,115154.744
371,E14000900,Romford,551408,190670,0.18448,51.5945015,29394228.74,31914.88469
372,E14000901,Romsey and Southampton North,436034,128163,-1.48720002,51.05170059,420374609.6,155901.0503
373,E14000902,Rossendale and Darwen,372446,420955,-2.41860008,53.68429947,217504761.8,119913.2731
374,E14000903,Rother Valley,449699,386114,-1.25450003,53.36959839,166704119,70608.04993
375,E14000904,Rotherham,442371,392231,-1.36380005,53.42520142,45085016.36,51011.76568
376,E14000905,Rugby,446258,281329,-1.3211,52.4280014,246617526.9,85920.87128
377,E14000906,"Ruislip, Northwood and Pinner",508439,189155,-0.43599999,51.59080124,49532001.24,40775.54941
378,E14000907,Runnymede and Weybridge,503012,166624,-0.52090001,51.3893013,93848883.9,54956.88364
379,E14000908,Rushcliffe,462332,332669,-1.07500005,52.88790131,309270627.9,110370.1112
380,E14000909,Rutland and Melton,484648,311819,-0.74879998,52.69749832,1117664038,226139.1614
381,E14000910,Saffron Walden,559857,226819,0.32295999,51.91699982,795363034.9,185899.5048
382,E14000911,Salford and Eccles,379701,400390,-2.30739999,53.49980164,31743451.86,33283.91231
383,E14000912,Salisbury,412884,132088,-1.81739998,51.08800125,612601532.8,172447.958
384,E14000913,Scarborough and Whitby,485778,506118,-0.67879999,54.44319916,738482115.7,209476.6369
385,E14000914,Scunthorpe,494110,405551,-0.58139998,53.53820038,182422833.8,83974.09131
386,E14000915,Sedgefield,431052,526108,-1.52049994,54.62919998,366835527.3,178544.4035
387,E14000916,Sefton Central,331658,404014,-3.03239989,53.52830124,83305404.9,72710.41947
388,E14000917,Selby and Ainsty,449167,442159,-1.25370002,53.87329865,844904355.2,353082.7314
389,E14000918,Sevenoaks,552010,159916,0.17996,51.31800079,249600215.7,96909.00683
390,E14000919,Sheffield Central,435726,386662,-1.46440005,53.37559891,20151561.85,31115.23761
391,E14000920,Sheffield South East,440551,388350,-1.39170003,53.39039993,44305666.12,47838.17279
392,E14000921,"Sheffield, Brightside and Hillsborough",435434,390928,-1.46829998,53.41400146,27365525.47,27626.80143
393,E14000922,"Sheffield, Hallam",426415,388888,-1.60420001,53.39619827,135290580.5,75457.58259
394,E14000923,"Sheffield, Heeley",436622,384071,-1.45120001,53.35229874,25260074.66,28398.68697
395,E14000924,Sherwood,460406,358481,-1.09879994,53.12009811,307238591.7,121909.9831
396,E14000925,Shipley,412611,439633,-1.80970001,53.85279846,95073948.11,80465.15001
397,E14000926,Shrewsbury and Atcham,346360,307551,-2.79450011,52.6629982,601618902.4,159127.9465
398,E14000927,Sittingbourne and Sheppey,587151,164862,0.68629003,51.35200119,239289560.6,193096.1488
399,E14000928,Skipton and Ripon,398261,462236,-2.02800012,54.05609894,2094241160,337425.6365
400,E14000929,Sleaford and North Hykeham,503640,352930,-0.45480001,53.06359863,1122343148,206327.7139
401,E14000930,Slough,496543,180461,-0.61000001,51.51480103,26921328.71,33405.26742
402,E14000931,Solihull,413056,280069,-1.80939996,52.41849899,32715004.66,30222.42852
403,E14000932,Somerton and Frome,364633,137241,-2.50679994,51.13330078,950798242.4,249281.9267
404,E14000933,South Basildon and East Thurrock,568418,183317,0.42631,51.52370071,131355205.9,101109.0245
405,E14000934,South Cambridgeshire,537837,254678,0.01424,52.1731987,629201866.6,204001.9327
406,E14000935,South Derbyshire,431434,325365,-1.53489995,52.82490158,338100132.7,162488.2813
407,E14000936,South Dorset,385852,85482,-2.20149994,50.66880035,371394867.1,245094.4957
408,E14000937,South East Cambridgeshire,553959,267334,0.25556999,52.2826004,750625493.3,234591.2947
409,E14000938,South East Cornwall,226464,62949,-4.44519997,50.44070053,719426241.1,346067.1954
410,E14000939,South Holland and The Deepings,532910,322822,-0.0306,52.78659821,779542765.1,211406.087
411,E14000940,South Leicestershire,454415,290699,-1.19959998,52.51150131,284490312.3,102117.3248
412,E14000941,South Norfolk,629990,295823,1.38794005,52.51179886,791245603,238752.9875
413,E14000942,South Northamptonshire,463454,246589,-1.0747,52.11399841,610350346.3,224400.2604
414,E14000943,South Ribble,350238,421361,-2.75489998,53.68629837,196765680.6,163071.4582
415,E14000944,South Shields,437206,564561,-1.42030001,54.97430038,24606559.23,38172.33159
416,E14000945,South Staffordshire,389625,306836,-2.15479994,52.65919876,273717341,150082.0933
417,E14000946,South Suffolk,599988,244681,0.91614997,52.06439972,652669197.6,211431.5784
418,E14000947,South Swindon,419067,181604,-1.72650003,51.53300095,123765569.2,70258.60049
419,E14000948,South Thanet,628499,158405,1.27498996,51.27890015,127572464.7,124552.6015
420,E14000949,South West Bedfordshire,498229,221850,-0.57410002,51.88660049,126612683.9,69409.47691
421,E14000950,South West Devon,258137,56608,-3.99710011,50.39220047,370638402.5,195244.5214
422,E14000951,South West Hertfordshire,499430,208327,-0.56050003,51.76480103,173813876.7,117827.7031
423,E14000952,South West Norfolk,575310,297872,0.58423001,52.55049896,1310654631,327767.9762
424,E14000953,South West Surrey,492268,140635,-0.68190002,51.15750122,256288868,101781.6019
425,E14000954,South West Wiltshire,391047,139812,-2.12930012,51.15750122,737478066.3,171638.166
426,E14000955,"Southampton, Itchen",445458,112143,-1.35479999,50.9070015,20347957,36345.20102
427,E14000956,"Southampton, Test",440222,114130,-1.42900002,50.92520142,22048498.59,30023.09377
428,E14000957,Southend West,585151,187494,0.66943002,51.55590057,19676675.71,25098.00247
429,E14000958,Southport,333085,415912,-3.01340008,53.63539886,46014446.2,53741.90447
430,E14000959,Spelthorne,507012,169622,-0.46250001,51.41550064,51166269.79,43558.17117
431,E14000960,St. Albans,514325,205423,-0.3457,51.73590088,67236590.48,62708.87239
432,E14000961,St. Austell and Newquay,195455,57854,-4.87860012,50.38489914,396770238.5,199992.9599
433,E14000962,St. Helens North,351263,398699,-2.73580003,53.48270035,83853957.31,61318.74292
434,E14000963,St. Helens South and Whiston,351222,392412,-2.7355001,53.42620087,64116773.36,52357.52268
435,E14000964,St. Ives,141322,26416,-5.6171999,50.08140182,530400422.8,356166.4329
436,E14000965,Stafford,391013,320185,-2.13459992,52.77920151,291007547.6,136115.9273
437,E14000966,Staffordshire Moorlands,400043,355243,-2.00079989,53.0943985,513489485.1,155154.9136
438,E14000967,Stalybridge and Hyde,398011,398062,-2.03139997,53.47930145,63222053.44,43182.58669
439,E14000968,Stevenage,524285,223238,-0.1952,51.89379883,63429187.26,62059.89247
440,E14000969,Stockport,388819,390460,-2.16960001,53.41080093,21910761.89,35878.78122
441,E14000970,Stockton North,444937,523121,-1.30589998,54.60129929,120637874.3,99280.55991
442,E14000971,Stockton South,443143,513821,-1.33500004,54.51789856,84302059.24,67886.77503
443,E14000972,Stoke-on-Trent Central,389141,347318,-2.16330004,53.02310181,30275349.23,42245.91765
444,E14000973,Stoke-on-Trent North,387700,351970,-2.18499994,53.06480026,42189883.08,40473.89789
445,E14000974,Stoke-on-Trent South,390276,342227,-2.14619994,52.97729874,32839862.37,38250.08335
446,E14000975,Stone,388489,330561,-2.1724,52.87239838,621070435.2,240620.2578
447,E14000976,Stourbridge,391209,284285,-2.13070011,52.45650101,27402610.88,28633.16585
448,E14000977,Stratford-on-Avon,419834,253616,-1.71130002,52.18050003,670730348.5,201460.2403
449,E14000978,Streatham,530188,172431,-0.1284,51.43590164,10445456.44,18701.73731
450,E14000979,Stretford and Urmston,376790,394312,-2.35089993,53.44509888,46754888.22,38487.16419
451,E14000980,Stroud,382161,205282,-2.25970006,51.7458992,385498075,152433.8287
452,E14000981,Suffolk Coastal,635965,249452,1.44335997,52.0931015,754330577.3,422200.7467
453,E14000982,Sunderland Central,438940,556531,-1.39419997,54.90200043,28988532.65,49765.62611
454,E14000983,Surrey Heath,493294,162147,-0.66170001,51.35070038,108115291.2,71128.2391
455,E14000984,Sutton and Cheam,524746,164092,-0.2095,51.36220169,18342240.2,25445.60465
456,E14000985,Sutton Coldfield,412968,296625,-1.81009996,52.56729889,57658187.59,42047.59512
457,E14000986,Tamworth,416920,302985,-1.75139999,52.62440109,179611960.5,94026.518
458,E14000987,Tatton,372677,375936,-2.41120005,53.27970123,330460768.7,131728.3259
459,E14000988,Taunton Deane,318327,123470,-3.16540003,51.00479889,462332708.9,169942.5764
460,E14000989,Telford,369255,307882,-2.45600009,52.6678009,50558651.21,39602.653
461,E14000990,Tewkesbury,395051,226279,-2.07329988,51.93500137,368802692.1,168311.1034
462,E14000991,The Cotswolds,407586,216304,-1.89119995,51.84529877,1239744951,349705.1377
463,E14000992,The Wrekin,369695,319172,-2.45059991,52.76929855,345253460.5,154394.986
464,E14000993,Thirsk and Malton,465689,478532,-0.9946,54.19839859,2136849112,341061.621
465,E14000994,Thornbury and Yate,369237,185199,-2.44519997,51.56480026,373140757.8,138921.0146
466,E14000995,Thurrock,559439,180025,0.29550999,51.49670029,68037169.93,56832.35942
467,E14000996,Tiverton and Honiton,312313,107480,-3.24720001,50.86009979,903584188.2,211261.5716
468,E14000997,Tonbridge and Malling,561918,151566,0.31823,51.24029922,300694415.7,129129.4077
469,E14000998,Tooting,527687,172670,-0.16419999,51.43859863,11217073.55,17498.22857
470,E14000999,Torbay,290905,64048,-3.53850007,50.46609879,35766457.76,46286.88275
471,E14001000,Torridge and West Devon,244314,100575,-4.20979977,50.78379822,1702868741,424935.9455
472,E14001001,Totnes,279926,51138,-3.68899989,50.34790039,569105797.2,306941.7757
473,E14001002,Tottenham,532898,189292,-0.083,51.58679962,13152337.44,18025.18963
474,E14001003,Truro and Falmouth,182689,51267,-5.05410004,50.32120132,444662648.2,293275.9788
475,E14001004,Tunbridge Wells,566713,140725,0.38183999,51.14149857,248052838.6,130195.4605
476,E14001005,Twickenham,514896,171607,-0.34850001,51.43180084,29151542.55,33549.40589
477,E14001006,Tynemouth,433254,571149,-1.48119998,55.03379822,38139757.66,36459.55402
478,E14001007,Uxbridge and South Ruislip,508041,183856,-0.44330001,51.54330063,30045599.01,32287.42111
479,E14001008,Vauxhall,530310,176643,-0.1251,51.47380066,8563248.745,17316.21797
480,E14001009,Wakefield,430382,416329,-1.54190004,53.64260101,77869705.91,61827.02002
481,E14001010,Wallasey,326806,391347,-3.1026001,53.41379929,23206567.61,27676.66578
482,E14001011,Walsall North,399391,300845,-2.01040006,52.60540009,26941969.24,31350.23848
483,E14001012,Walsall South,401479,297306,-1.97959995,52.57360077,33018976.78,38408.62933
484,E14001013,Walthamstow,537216,189197,-0.0208,51.5848999,16175351.92,19647.24887
485,E14001014,Wansbeck,423326,585770,-1.63540006,55.16569901,136906670.9,82642.54455
486,E14001015,Wantage,442287,190881,-1.39059997,51.61520004,584439459.5,159979.0009
487,E14001016,Warley,400825,287646,-1.9892,52.48669815,19363585.1,24336.17173
488,E14001017,Warrington North,362731,392971,-2.5624001,53.43220139,91397536.54,58930.21783
489,E14001018,Warrington South,362664,384845,-2.5624001,53.35919952,89225625.11,92478.30417
490,E14001019,Warwick and Leamington,427748,263012,-1.5948,52.26459885,90164999.34,60988.53945
491,E14001020,Washington and Sunderland West,431484,556783,-1.51049995,54.90480042,42557217.26,48139.56579
492,E14001021,Watford,509752,198347,-0.41420001,51.6731987,36950192.49,38993.42294
493,E14001022,Waveney,643591,289401,1.58326995,52.44820023,247253204.2,157789.6331
494,E14001023,Wealden,552834,124884,0.1769,51.00299835,571034159.2,211207.8026
495,E14001024,Weaver Vale,357932,378463,-2.63260007,53.30139923,166157879.6,105834.9176
496,E14001025,Wellingborough,491876,265617,-0.65460002,52.28099823,165543635.4,90882.07479
497,E14001026,Wells,349692,146261,-2.72160006,51.2132988,555799997.3,165163.2165
498,E14001027,Welwyn Hatfield,525345,208467,-0.1851,51.76089859,114067799.3,77412.3578
499,E14001028,Wentworth and Dearne,442975,399603,-1.35370004,53.49140167,90291301.94,80684.06873
500,E14001029,West Bromwich East,402098,293072,-1.97039998,52.53549957,27797249.72,30918.46144
501,E14001030,West Bromwich West,397511,292210,-2.0381,52.52780151,27537148.05,34737.36514
502,E14001031,West Dorset,357765,99663,-2.6006,50.79499817,1033040348,271342.7125
503,E14001032,West Ham,539774,183149,0.01365,51.5298996,17331894.1,25601.15166
504,E14001033,West Lancashire,342047,408082,-2.87639999,53.56610107,262319440.6,97880.14589
505,E14001034,West Suffolk,580944,275380,0.65504998,52.34659958,818355630.4,297962.9628
506,E14001035,West Worcestershire,380454,250018,-2.28699994,52.14810181,705309605.4,288612.2463
507,E14001036,Westminster North,525949,182218,-0.1858,51.52479935,7972097.603,17710.53328
508,E14001037,Westmorland and Lonsdale,352958,492385,-2.72469997,54.32490158,1349522903,321079.1543
509,E14001038,Weston-Super-Mare,338994,160991,-2.87719989,51.34469986,146338124.3,92526.18863
510,E14001039,Wigan,357776,408202,-2.63899994,53.56869888,60482486.38,40050.99158
511,E14001040,Wimbledon,524128,170000,-0.2163,51.41540146,21178232,21544.79617
512,E14001041,Winchester,451629,135559,-1.26370001,51.11700058,324877678.5,123069.6836
513,E14001042,Windsor,490470,171462,-0.69980001,51.43489838,148312720.1,91230.64003
514,E14001043,Wirral South,330364,382283,-3.04710007,53.332901,60808161.96,54736.15504
515,E14001044,Wirral West,324738,386733,-3.13260007,53.37210083,47938538.67,37493.00637
516,E14001045,Witham,586792,214917,0.70773,51.80170059,372514123.7,187846.3822
517,E14001046,Witney,434343,215816,-1.5029,51.83990097,714429343.3,155657.8087
518,E14001047,Woking,496149,155762,-0.62239999,51.29290009,98984969.29,72990.89329
519,E14001048,Wokingham,470404,168144,-0.98909998,51.40800095,156044530.2,86592.73903
520,E14001049,Wolverhampton North East,393362,301509,-2.09940004,52.61130142,24763955.54,28593.81698
521,E14001050,Wolverhampton South East,393533,296490,-2.09680009,52.56620026,24773330.48,27138.56769
522,E14001051,Wolverhampton South West,389010,298671,-2.16359997,52.58570099,23125059.49,28344.5064
523,E14001052,Worcester,385725,255196,-2.21020007,52.19480133,33292033.77,30423.67563
524,E14001053,Workington,317334,543173,-3.28660011,54.77659988,675697024.3,319842.5467
525,E14001054,Worsley and Eccles South,372907,399589,-2.40980005,53.49229813,59661372.7,49529.72213
526,E14001055,Worthing West,511068,104626,-0.4242,50.83050156,30442718.06,37183.717
527,E14001056,Wycombe,479280,190191,-0.85659999,51.60499954,139947328.2,81906.54955
528,E14001057,Wyre and Preston North,351597,440598,-2.73740005,53.85929871,266191677.1,151757.7482
529,E14001058,Wyre Forest,384106,276388,-2.2349,52.38529968,195415453.2,97483.2651
530,E14001059,Wythenshawe and Sale East,380730,389917,-2.29130006,53.40570068,36555359.33,39761.83136
531,E14001060,Yeovil,340522,114840,-2.84770012,50.92990112,400988779.1,146700.4199
532,E14001061,York Central,459887,451276,-1.08889997,53.95410156,23512925.49,34799.38165
533,E14001062,York Outer,461058,457909,-1.0697,54.0135994,248422689.1,135581.6809
534,N06000001,Belfast East,152079,529068,-5.83799982,54.59519958,55294687.29,41739.46409
535,N06000002,Belfast North,145236,534734,-5.94859982,54.64260101,50378248.73,39960.80703
536,N06000003,Belfast South,145758,526423,-5.93330002,54.56840134,44863460.85,45201.54014
537,N06000004,Belfast West,141839,529165,-5.99620008,54.5909996,45143858.36,38374.20247
538,N06000005,East Antrim,146667,564009,-5.95200014,54.90579987,593295678,197835.7781
539,N06000006,East Londonderry,89620,579624,-6.85559988,55.01350021,1277145119,232865.252
540,N06000007,Fermanagh and South Tyrone,40652,510258,-7.53259993,54.36009979,2511754840,463731.2409
541,N06000008,Foyle,62897,578624,-7.27059984,54.98720169,184012245.6,80585.54947
542,N06000009,Lagan Valley,136134,513375,-6.07019997,54.44649887,468079697,142772.0269
543,N06000010,Mid Ulster,96559,546851,-6.71309996,54.72430038,1350375014,200111.1972
544,N06000011,Newry and Armagh,101133,493856,-6.58869982,54.25230026,1082776920,214502.5061
545,N06000012,North Antrim,126408,577142,-6.2796998,55.01279831,1387332574,277359.6065
546,N06000013,North Down,161862,532857,-5.69000006,54.63389969,115449668.9,93861.34725
547,N06000014,South Antrim,129133,539234,-6.20160007,54.67459869,785572701.5,163821.1938
548,N06000015,South Down,143313,489313,-5.93900013,54.2344017,1250441952,284649.8222
549,N06000016,Strangford,163128,515007,-5.6560998,54.47439957,655344601.3,173426.6383
550,N06000017,Upper Bann,115180,517442,-6.39629984,54.47159958,480160319.3,130734.4711
551,N06000018,West Tyrone,49749,544816,-7.43429995,54.67570114,1996139935,299627.2862
552,S14000001,Aberdeen North,389796,808947,-2.17030001,57.1711998,47452236.54,56067.97778
553,S14000002,Aberdeen South,384133,802600,-2.26360011,57.11410141,82309074.74,82648.33752
554,S14000003,Airdrie and Shotts,283330,662650,-3.86470008,55.84289932,229469560.8,90498.23948
555,S14000004,Angus,344353,761976,-2.91140008,56.74610138,1973580864,301034.3945
556,S14000005,Argyll and Bute,200740,715442,-5.22109985,56.28939819,7007062876,3464463.806
557,S14000006,"Ayr, Carrick and Cumnock",238951,603944,-4.53849983,55.30319977,1628606450,310208.1658
558,S14000007,Banff and Buchan,386375,849383,-2.22919989,57.53440094,1589930573,329353.6579
559,S14000008,"Berwickshire, Roxburgh and Selkirk",356199,624537,-2.69510007,55.51259995,3839180208,449297.8962
560,S14000009,"Caithness, Sutherland and Easter Ross",258617,918473,-4.40269995,58.13249969,8627323935,1536050.049
561,S14000010,Central Ayrshire,238948,628173,-4.55249977,55.52069855,232404334,131281.9165
562,S14000011,"Coatbridge, Chryston and Bellshill",269133,669782,-4.09469986,55.90330124,83446724.52,72088.17311
563,S14000012,"Cumbernauld, Kilsyth and Kirkintilloch East",268306,677738,-4.11180019,55.97449875,190590008,101773.3015
564,S14000013,Dumfries and Galloway,252742,567858,-4.30270004,54.98350143,3995716422,802953.0624
565,S14000014,"Dumfriesshire, Clydesdale and Tweeddale",305399,610681,-3.49460006,55.38100052,4292789713,547774.8541
566,S14000015,Dundee East,347896,736729,-2.84840012,56.5196991,152929676.1,73840.75888
567,S14000016,Dundee West,333100,735387,-3.08850002,56.50579834,118484861.5,57899.55455
568,S14000017,Dunfermline and West Fife,304851,688767,-3.53040004,56.0821991,228662006.8,103714.3646
569,S14000018,East Dunbartonshire,256840,674119,-4.29349995,55.93870163,85183850.33,67504.45338
570,S14000019,"East Kilbride, Strathaven and Lesmahagow",268907,644910,-4.0862999,55.67990112,408396198.3,150032.4055
571,S14000020,East Lothian,354854,672351,-2.72429991,55.94210052,679242188.7,191045.491
572,S14000021,East Renfrewshire,251929,653115,-4.36059999,55.74869919,174254073.5,91789.47967
573,S14000022,Edinburgh East,328720,672753,-3.14269996,55.94250107,25818944.4,27854.65456
574,S14000023,Edinburgh North and Leith,324819,675786,-3.20600009,55.96920013,20076667.18,29079.32248
575,S14000024,Edinburgh South,326643,669657,-3.17510009,55.91439819,28683002.14,28566.96587
576,S14000025,Edinburgh South West,318312,666474,-3.30739999,55.88439941,90268590.44,59384.20592
577,S14000026,Edinburgh West,316926,673573,-3.33170009,55.94800186,98497143.22,67396.17395
578,S14000027,Na h-Eileanan an Iar,126473,932862,-6.65719986,58.19940186,3097150963,3444889.463
579,S14000028,Falkirk,283492,683752,-3.87120008,56.03239822,174664120.1,92914.32035
580,S14000029,Glasgow Central,257847,663263,-4.27169991,55.84159851,20279722.58,44334.71412
581,S14000030,Glasgow East,265327,664585,-4.15299988,55.85559845,38724558.41,36453.37463
582,S14000031,Glasgow North,256777,668773,-4.29160023,55.89070129,16870706.26,26961.04887
583,S14000032,Glasgow North East,261760,668310,-4.2118001,55.88800049,27746110.62,31122.69793
584,S14000033,Glasgow North West,253175,669165,-4.34940004,55.89319992,18072348.7,24963.49296
585,S14000034,Glasgow South,258684,660035,-4.2565999,55.81280136,26715723.13,34871.47954
586,S14000035,Glasgow South West,253614,663773,-4.33949995,55.84489822,26306985.17,33308.95218
587,S14000036,Glenrothes,328253,698904,-3.1572001,56.1772995,177232074,84143.65519
588,S14000037,Gordon,370511,829595,-2.49169993,57.35589981,1516975896,342866.8344
589,S14000038,Inverclyde,227922,670899,-4.75379992,55.90029907,161938815.8,76224.21561
590,S14000039,"Inverness, Nairn, Badenoch and Strathspey",263458,814404,-4.26160002,57.20000076,4928711003,445971.5953
591,S14000040,Kilmarnock and Loudoun,255398,633167,-4.2947998,55.5705986,701814868.2,212208.0255
592,S14000041,Kirkcaldy and Cowdenbeath,322259,690504,-3.2513001,56.10089874,148630416.8,108794.9357
593,S14000042,Lanark and Hamilton East,290722,650833,-3.7420001,55.73849869,363440562.9,143705.0215
594,S14000043,Linlithgow and East Falkirk,292663,672963,-3.7198,55.93769836,280049357.4,142671.8882
595,S14000044,Livingston,302051,663045,-3.56599998,55.8506012,271434624.7,110058.4802
596,S14000045,Midlothian,330088,659217,-3.11730003,55.82109833,355280498.6,124139.265
597,S14000046,Moray,328024,843593,-3.20180011,57.47679901,2237832001,422165.6781
598,S14000047,Motherwell and Wishaw,277792,656049,-3.95009995,55.78219986,58082038.42,46448.92664
599,S14000048,North Ayrshire and Arran,195921,636363,-5.23899984,55.57799911,817127240.9,284480.1407
600,S14000049,North East Fife,338928,714312,-2.98889995,56.31719971,770657210.2,199975.3067
601,S14000050,Ochil and South Perthshire,293171,714167,-3.72819996,56.30780029,1712043754,312182.1806
602,S14000051,Orkney and Shetland,434516,0,-1.37339997,60.50500107,2482548644,3187238.297
603,S14000052,Paisley and Renfrewshire North,243336,668523,-4.50619984,55.88430023,123353613.8,89540.55252
604,S14000053,Paisley and Renfrewshire South,239382,660301,-4.56449986,55.80920029,138112167.1,82790.47444
605,S14000054,Perth and North Perthshire,282156,752482,-3.92350006,56.64920044,3830609046,462324.6231
606,S14000055,"Ross, Skye and Lochaber",211302,834601,-5.13899994,57.36259842,12605900858,3316009.026
607,S14000056,Rutherglen and Hamilton West,268594,657784,-4.09749985,55.79539871,51386426.77,55757.47478
608,S14000057,Stirling,255980,708769,-4.32590008,56.24950027,2253411864,335343.8015
609,S14000058,West Aberdeenshire and Kincardine,342584,792624,-2.94729996,57.02109909,3266977613,478751.3317
610,S14000059,West Dunbartonshire,242904,681587,-4.52069998,56.00139999,177250304.6,97358.62954
611,W07000041,Ynys Mon,245222,378346,-4.32289982,53.27939987,714502839.6,331721.134
612,W07000042,Delyn,318273,370838,-3.2256999,53.22829819,282608749.5,137330.5904
613,W07000043,Alyn and Deeside,330102,362484,-3.0467,53.1548996,154916683,123402.5492
614,W07000044,Wrexham,336339,353957,-2.95169997,53.07899857,103152955.8,68498.08013
615,W07000045,Llanelli,249768,205472,-4.17659998,51.72779846,234991674.7,220349.5039
616,W07000046,Gower,256421,192102,-4.07490015,51.6094017,298089366.2,268666.4918
617,W07000047,Swansea West,262790,193117,-3.98329997,51.62009811,32743998.97,34676.81362
618,W07000048,Swansea East,267106,196223,-3.92219996,51.64910126,48750802.61,40494.37941
619,W07000049,Aberavon,281996,189115,-3.70469999,51.58850098,177317860.9,120243.0117
620,W07000050,Cardiff Central,319313,179182,-3.1638999,51.50579834,16797459.31,20863.65487
621,W07000051,Cardiff North,316056,181631,-3.21140003,51.52730179,42655041.88,39943.50292
622,W07000052,Rhondda,296949,196169,-3.49099994,51.65480042,99872800.84,50155.68623
623,W07000053,Torfaen,327169,200182,-3.05509996,51.6955986,117600355.6,79207.02869
624,W07000054,Monmouth,337812,209231,-2.90280008,51.77830124,830420884.7,217147.6249
625,W07000055,Newport East,338924,188370,-2.8829999,51.59090042,122442984.2,76974.89066
626,W07000056,Newport West,328762,186182,-3.02920008,51.56999969,96531192.65,97673.68929
627,W07000057,Arfon,256909,361593,-4.14020014,53.13230133,409241702.9,124426.2302
628,W07000058,Aberconwy,276098,360888,-3.85330009,53.13069916,604281950,203574.0214
629,W07000059,Clwyd West,297156,361691,-3.5388999,53.14239883,926073845.2,218784.3099
630,W07000060,Vale of Clwyd,306235,374013,-3.40689993,53.25479889,216263904.7,123729.8331
631,W07000061,Dwyfor Meirionnydd,273979,326158,-3.87140012,52.81819916,2138969454,515844.2309
632,W07000062,Clwyd South,327082,342911,-3.08739996,52.97859955,622788738.7,198242.0549
633,W07000063,Montgomeryshire,301718,304472,-3.45350003,52.6291008,2181356701,333947.6287
634,W07000064,Ceredigion,267126,268437,-3.94989991,52.29800034,1789031559,357994.4323
635,W07000065,Preseli Pembrokeshire,193261,226426,-5.00629997,51.89789963,1180495749,457183.796
636,W07000066,Carmarthen West and South Pembrokeshire,216128,213332,-4.66739988,51.78829956,1018379769,407490.5627
637,W07000067,Carmarthen East and Dinefwr,262869,228244,-3.99609995,51.93579865,1555766132,310493.4775
638,W07000068,Brecon and Radnorshire,305328,248413,-3.38429999,52.12590027,3014909837,351900.5248
639,W07000069,Neath,280613,203826,-3.72970009,51.72040176,264961521.3,109316.5949
640,W07000070,Cynon Valley,297160,203213,-3.49000001,51.71820068,182387598.4,85237.19027
641,W07000071,Merthyr Tydfil and Rhymney,307976,203618,-3.33360004,51.72370148,161892179.4,73209.93223
642,W07000072,Blaenau Gwent,318236,206771,-3.18589997,51.75360107,108719033.2,64674.51727
643,W07000073,Bridgend,287202,179713,-3.62660003,51.50510025,84672516.25,58728.75888
644,W07000074,Ogmore,291741,187410,-3.56360006,51.57509995,202935406.1,80540.62509
645,W07000075,Pontypridd,307034,185796,-3.34249997,51.56340027,105017003.1,71093.59116
646,W07000076,Caerphilly,316860,188276,-3.20140004,51.58720016,114529516.1,70542.8287
647,W07000077,Islwyn,320517,196276,-3.15039992,51.6595993,112003273.9,64294.07509
648,W07000078,Vale of Glamorgan,302293,173083,-3.40739989,51.44829941,315170195,100848.0858
649,W07000079,Cardiff West,312437,178939,-3.26290011,51.50260162,50993058.44,39585.29869
650,W07000080,Cardiff South and Penarth,317979,171824,-3.18140006,51.43939972,47909336,67888.89421