PCONCODE,Con,Lab,LD,Brexit,Green,Ind,PC,Other,SNP
W07000049,5901,22662,599,1345,0,250,250,250,0
W07000058,14337,13702,941,0,0,250,250,250,0
S14000001,8341,11031,1693,0,0,250,250,250,15170
S14000002,18746,9143,2610,0,0,250,250,250,13994
S14000003,8813,14096,802,0,0,250,250,250,14291
E14000530,26950,15477,3637,1796,1090,250,250,250,0
E14000531,26317,12010,1343,0,0,250,250,250,0
E14000532,26933,20507,4051,0,1000,250,250,250,0
W07000043,18080,23315,1077,1117,0,250,250,250,0
E14000533,25905,17605,1100,0,650,250,250,250,0
S14000004,18148,5233,1308,0,0,250,250,250,15503
W07000057,4614,11427,648,0,0,250,250,250,0
S14000005,15976,6044,8745,0,0,250,250,250,17304
E14000534,37573,13690,4783,1668,2542,250,250,250,0
E14000535,20844,21285,969,1885,398,250,250,250,0
E14000536,35318,17840,3101,2218,1402,250,250,250,0
E14000537,12710,24005,646,1878,534,250,250,250,0
E14000538,32313,17657,5660,1296,1237,250,250,250,0
S14000006,18550,11024,872,0,0,250,250,250,15776
E14000539,33388,20989,3452,1581,1225,250,250,250,0
S14000007,19976,3936,1448,0,0,250,250,250,16283
E14000540,10711,32319,599,3031,724,250,250,250,0
E14000541,9436,24982,549,3339,570,250,250,250,0
E14000542,10997,24280,750,3247,0,250,250,250,0
E14000543,22383,22592,1278,962,375,250,250,250,0
E14000544,27381,13981,1548,2008,0,250,250,250,0
E14000545,29510,20044,3406,1681,1106,250,250,250,0
E14000546,22615,27467,1154,0,0,250,250,250,0
E14000547,17742,7279,23436,0,1126,250,250,250,0
E14000548,20883,29844,1224,0,695,250,250,250,0
E14000549,22876,25292,4401,357,866,250,250,250,0
E14000550,36559,12016,4448,1609,1396,250,250,250,0
E14000551,30632,15545,4073,0,1380,250,250,250,0
E14000552,21923,22712,2837,0,1008,250,250,250,0
E14000553,7581,31161,18189,838,639,250,250,250,0
S14000008,28213,4519,2482,0,0,250,250,250,17153
E14000554,22145,10364,8916,0,787,250,250,250,0
E14000555,7576,42969,2982,894,1516,250,250,250,0
E14000556,32499,18457,2808,0,716,250,250,250,0
E14000557,36854,14689,4485,2006,1438,250,250,250,0
E14000558,25113,16040,1201,1944,601,250,250,250,0
E14000559,8044,33558,1118,0,943,250,250,250,0
E14000560,17207,24124,1564,0,562,250,250,250,0
E14000561,14286,21571,750,0,610,250,250,250,0
E14000562,8199,42143,3137,0,831,250,250,250,0
E14000563,6580,37606,805,1016,387,250,250,250,0
E14000564,5452,34166,1156,0,533,250,250,250,0
E14000565,18929,23596,959,0,864,250,250,250,0
E14000566,11726,30109,1080,0,591,250,250,250,0
E14000567,15629,30836,1644,0,876,250,250,250,0
E14000568,8824,25398,7984,1916,280,250,250,250,0
E14000569,20306,20808,1176,0,0,250,250,250,0
E14000570,12780,33148,709,0,0,250,250,250,0
E14000571,8657,28258,737,1825,462,250,250,250,0
E14000572,20255,18232,747,1392,381,250,250,250,0
E14000573,15058,17581,634,1339,341,250,250,250,0
W07000072,4783,18787,295,973,0,250,250,250,0
E14000574,13502,26979,4366,2459,583,250,250,250,0
E14000575,15855,23770,1947,0,918,250,250,250,0
E14000576,30276,12782,3352,1861,993,250,250,250,0
E14000577,18865,24153,1372,2129,0,250,250,250,0
E14000578,19073,22870,1316,1567,357,250,250,250,0
E14000579,12550,25676,781,2779,537,250,250,250,0
E14000580,24459,23523,1485,1587,0,250,250,250,0
E14000581,6059,42259,837,0,709,250,250,250,0
E14000582,27271,10699,771,3308,547,250,250,250,0
E14000583,31864,13513,9744,0,1047,250,250,250,0
E14000584,25221,17284,3168,1405,1236,250,250,250,0
E14000585,23812,16101,2929,0,1247,250,250,250,0
E14000586,32882,16866,4186,1521,0,250,250,250,0
E14000587,9291,29831,843,1372,289,250,250,250,0
E14000588,15664,22364,516,1758,370,250,250,250,0
E14000589,7542,29444,712,885,481,250,250,250,0
E14000590,32873,14451,2251,1835,916,250,250,250,0
W07000068,20081,7335,12043,576,0,250,250,250,0
E14000591,10211,38208,2519,556,802,250,250,250,0
E14000593,23182,35364,3083,0,0,250,250,250,0
E14000592,18435,35496,1614,0,660,250,250,250,0
E14000594,34811,10809,4426,1845,915,250,250,250,0
W07000073,17213,21913,919,781,0,250,250,250,0
E14000595,32111,16663,6332,2102,1059,250,250,250,0
E14000596,27219,14856,836,1596,550,250,250,250,0
E14000597,18835,28703,1457,0,0,250,250,250,0
E14000598,11082,15450,0,630,30149,250,250,250,0
E14000599,17453,30847,1389,0,1110,250,250,250,0
E14000600,22639,27400,2814,0,1243,250,250,250,0
E14000601,16679,32666,1821,1672,1428,250,250,250,0
E14000602,9877,47213,5201,0,9216,250,250,250,0
E14000603,32406,16590,4449,1594,932,250,250,250,0
E14000604,25175,15585,3369,1383,1150,250,250,250,0
E14000605,33493,16920,2488,0,1139,250,250,250,0
E14000606,29515,13723,1481,1918,848,250,250,250,0
E14000607,25983,25120,2247,1477,681,250,250,250,0
E14000608,0,0,0,4168,8574,250,250,250,0
E14000609,12479,18832,6046,2472,461,250,250,250,0
E14000610,28936,18889,1262,0,824,250,250,250,0
E14000611,21308,25683,912,0,0,250,250,250,0
E14000612,21200,27165,1065,1316,0,250,250,250,0
E14000613,36794,18353,3565,0,2596,250,250,250,0
W07000076,10413,22491,725,1259,447,250,250,250,0
S14000009,6990,3833,11061,0,0,250,250,250,9017
E14000614,26790,26181,1952,1466,631,250,250,250,0
E14000615,7349,44665,3413,0,1627,250,250,250,0
E14000616,23001,21424,2979,0,1052,250,250,250,0
E14000617,9133,29032,16371,0,1265,250,250,250,0
E14000618,26318,17927,794,2018,815,250,250,250,0
E14000619,25385,25572,4561,0,1282,250,250,250,0
W07000050,7997,25193,5415,343,420,250,250,250,0
W07000051,21907,26081,1714,582,0,250,250,250,0
W07000080,15318,30182,1430,942,532,250,250,250,0
W07000079,13874,26425,1214,698,0,250,250,250,0
E14000620,21472,18873,1256,1455,0,250,250,250,0
W07000067,10778,12219,920,985,0,250,250,250,0
W07000066,19771,16661,956,905,0,250,250,250,0
E14000621,19450,9360,20819,0,501,250,250,250,0
E14000622,30076,11204,1049,2381,0,250,250,250,0
S14000010,15504,11762,1050,0,0,250,250,250,16771
E14000623,31278,15598,6770,1326,1531,250,250,250,0
E14000624,33992,16807,2431,1635,1659,250,250,250,0
W07000064,7307,8017,11519,602,542,250,250,250,0
E14000625,33318,16977,2052,1471,1036,250,250,250,0
E14000626,25587,15129,1116,2225,573,250,250,250,0
E14000627,24331,10417,19824,0,0,250,250,250,0
E14000628,30525,16953,6916,1645,821,250,250,250,0
E14000629,22179,13991,4627,524,807,250,250,250,0
E14000630,26615,5408,24046,0,943,250,250,250,0
E14000631,33514,11374,7179,1525,1660,250,250,250,0
E14000632,16661,26266,2612,1611,777,250,250,250,0
E14000633,36032,13411,6749,1650,1992,250,250,250,0
E14000634,23076,20638,2043,0,1204,250,250,250,0
E14000635,31267,11236,14637,0,0,250,250,250,0
E14000636,25679,25326,3012,0,1406,250,250,250,0
E14000637,23233,30745,1126,0,530,250,250,250,0
E14000638,35230,10059,4020,0,1325,250,250,250,0
E14000639,18005,14857,4270,426,821,250,250,250,0
E14000640,22847,32023,1551,0,0,250,250,250,0
E14000641,14408,26772,4787,1116,797,250,250,250,0
E14000642,27031,11203,887,3357,719,250,250,250,0
E14000643,27321,16921,1110,2022,470,250,250,250,0
W07000062,14646,19002,731,802,0,250,250,250,0
W07000059,19541,16104,1091,0,0,250,250,250,0
S14000011,7318,19193,922,0,0,250,250,250,17607
E14000644,24565,18888,9087,0,828,250,250,250,0
E14000645,27903,28818,2494,0,892,250,250,250,0
E14000646,31830,19211,2902,1289,999,250,250,250,0
E14000647,21062,19367,1404,1094,0,250,250,250,0
E14000648,29534,26844,1545,1495,579,250,250,250,0
E14000649,13919,29499,1157,1350,502,250,250,250,0
E14000650,18314,26894,1286,1525,666,250,250,250,0
E14000651,17927,25874,1343,1037,604,250,250,250,0
E14000652,25426,22969,1878,0,0,250,250,250,0
E14000653,25880,25928,1334,1885,0,250,250,250,0
E14000654,24221,29873,1083,1040,626,250,250,250,0
E14000655,11848,44213,1656,753,983,250,250,250,0
E14000656,33334,21928,3541,1116,1125,250,250,250,0
S14000012,8010,14858,1238,605,0,250,250,250,19122
W07000070,6166,19404,585,1271,0,250,250,250,0
E14000657,18306,22958,465,3246,544,250,250,250,0
E14000658,19401,22681,1031,1180,524,250,250,250,0
E14000659,31210,18024,1428,2544,807,250,250,250,0
E14000660,35464,13730,4015,1497,957,250,250,250,0
W07000042,16333,20573,1031,0,0,250,250,250,0
E14000661,11084,25161,853,1798,486,250,250,250,0
E14000662,21607,23622,2262,1181,0,250,250,250,0
E14000664,29744,15417,3126,0,1002,250,250,250,0
E14000663,15182,26430,1229,2011,454,250,250,250,0
E14000665,31744,10608,4706,1706,1606,250,250,250,0
E14000666,25493,28814,1214,0,1024,250,250,250,0
E14000668,14784,24915,973,0,0,250,250,250,0
E14000669,11687,25711,706,2738,0,250,250,250,0
E14000667,19182,24351,856,0,0,250,250,250,0
E14000670,27211,20774,1336,1722,923,250,250,250,0
E14000671,18068,18090,368,2144,240,250,250,250,0
E14000672,21588,13858,625,1791,382,250,250,250,0
E14000673,10940,39069,4475,0,1408,250,250,250,0
S14000013,22344,10775,1241,0,0,250,250,250,16701
S14000014,24177,8102,1949,0,0,250,250,250,14736
S14000015,11746,11176,1615,0,0,250,250,250,18391
S14000016,6257,12783,1189,0,0,250,250,250,18045
S14000017,12593,17277,3019,0,0,250,250,250,18121
W07000061,8837,6273,937,614,0,250,250,250,0
E14000674,19230,33037,3075,0,0,250,250,250,0
E14000675,14942,34635,1275,921,743,250,250,250,0
E14000676,9630,31720,1892,504,1037,250,250,250,0
E14000677,8260,23152,460,1727,410,250,250,250,0
E14000684,25315,4671,26924,0,510,250,250,250,0
E14000678,29306,6857,1468,1203,0,250,250,250,0
S14000018,7563,7531,21023,0,0,250,250,250,15684
E14000679,7241,47124,656,697,474,250,250,250,0
E14000680,35263,9411,8403,0,1760,250,250,250,0
S14000019,13704,17157,1590,628,0,250,250,250,21023
E14000685,28889,11454,14710,1477,750,250,250,250,0
S14000020,16540,20158,1738,0,0,250,250,250,17075
S14000021,21496,14346,1112,0,0,250,250,250,16784
E14000681,35310,11396,6197,2227,1100,250,250,250,0
E14000682,25988,20882,2523,1444,1273,250,250,250,0
E14000683,31442,16436,2134,1986,943,250,250,250,0
E14000686,29192,17250,2804,1109,785,250,250,250,0
S14000022,8081,15084,1849,0,0,250,250,250,18509
S14000023,15385,17618,2579,0,1727,250,250,250,19243
S14000024,9428,26269,1388,0,0,250,250,250,10755
S14000025,16478,13213,2124,0,0,250,250,250,17575
S14000026,11559,7876,18108,0,0,250,250,250,15120
E14000687,10106,31221,858,860,633,250,250,250,0
E14000688,18747,30137,892,821,342,250,250,250,0
E14000689,32352,22547,2606,0,995,250,250,250,0
E14000690,18832,25128,1457,0,0,250,250,250,0
E14000691,17930,28177,1036,848,574,250,250,250,0
E14000692,20634,24989,1925,0,780,250,250,250,0
E14000693,31462,13219,2884,1871,1233,250,250,250,0
E14000694,35313,14838,7401,0,1714,250,250,250,0
E14000695,25939,21405,1243,0,675,250,250,250,0
E14000696,15571,25585,750,1728,507,250,250,250,0
E14000697,35071,11773,10374,1034,1074,250,250,250,0
E14000698,18219,34336,1562,0,1027,250,250,250,0
S14000028,14088,16029,1120,712,908,250,250,250,20952
E14000699,35915,14360,3896,1541,1302,250,250,250,0
E14000700,30390,12977,3249,1702,1431,250,250,250,0
E14000701,16859,32462,1387,1510,809,250,250,250,0
E14000702,25339,21149,3052,0,1162,250,250,250,0
E14000703,24599,22942,3463,462,919,250,250,250,0
E14000704,32197,16786,4222,2565,2498,250,250,250,0
E14000705,28096,18594,2029,1237,1241,250,250,250,0
E14000706,27334,15529,2341,0,1263,250,250,250,0
E14000707,31790,14767,3630,0,1238,250,250,250,0
E14000708,9450,41599,1723,0,750,250,250,250,0
E14000709,10076,27426,1709,2281,611,250,250,250,0
E14000710,22139,26833,1052,1143,515,250,250,250,0
E14000711,27091,17661,1372,2097,520,250,250,250,0
S14000029,5014,13829,1045,0,0,250,250,250,16096
S14000030,6816,13949,567,504,0,250,250,250,14024
S14000031,4935,11537,1153,0,3251,250,250,250,12597
S14000032,4106,13637,637,0,0,250,250,250,13395
S14000033,7002,13947,1387,0,0,250,250,250,16508
S14000034,8506,16285,1447,0,0,250,250,250,18312
S14000035,5524,14326,661,481,0,250,250,250,14386
S14000036,7876,14024,1208,0,0,250,250,250,17291
E14000712,27208,21688,2716,1495,754,250,250,250,0
S14000037,21861,6340,6230,0,0,250,250,250,19254
E14000713,30647,13436,2328,1790,1024,250,250,250,0
W07000046,19458,22727,931,642,0,250,250,250,0
E14000714,35090,14996,3120,1745,782,250,250,250,0
E14000715,27237,17890,1210,1742,723,250,250,250,0
E14000716,14980,17545,954,1648,0,250,250,250,0
E14000717,23901,15928,987,2767,563,250,250,250,0
E14000718,13501,34215,3785,0,1605,250,250,250,0
E14000719,30295,10545,13255,0,1152,250,250,250,0
E14000720,7126,42265,3817,0,2606,250,250,250,0
E14000721,6043,43974,3168,0,1522,250,250,250,0
E14000722,23012,17759,859,2126,440,250,250,250,0
E14000723,20131,25507,1070,1568,0,250,250,250,0
E14000724,31355,15950,2482,0,711,250,250,250,0
E14000725,10710,36115,896,1488,0,250,250,250,0
E14000726,14724,33375,2802,507,800,250,250,250,0
E14000727,18904,34464,4100,0,742,250,250,250,0
E14000728,30135,17706,7286,1361,1110,250,250,250,0
E14000729,24230,17199,970,1787,660,250,250,250,0
E14000730,31477,11395,13309,0,0,250,250,250,0
E14000731,25129,23372,1573,0,771,250,250,250,0
E14000732,17326,30640,1267,470,652,250,250,250,0
E14000733,14319,21969,746,4801,0,250,250,250,0
E14000734,29921,15565,2787,1685,1042,250,250,250,0
E14000735,25668,25322,1885,1479,0,250,250,250,0
E14000736,27676,11720,2801,2011,1122,250,250,250,0
E14000737,13681,31796,601,1153,571,250,250,250,0
E14000738,20047,9036,14533,0,516,250,250,250,0
E14000739,28735,19290,3233,0,1024,250,250,250,0
E14000740,15566,25740,912,2591,0,250,250,250,0
E14000741,25078,24006,1985,568,578,250,250,250,0
E14000742,33749,11455,8485,1154,1864,250,250,250,0
E14000743,27004,11991,3556,1153,1220,250,250,250,0
E14000744,36184,17149,4845,0,1814,250,250,250,0
E14000745,31928,14977,2794,1564,990,250,250,250,0
E14000746,24996,15760,3285,930,1253,250,250,250,0
E14000747,18961,26578,1087,3239,0,250,250,250,0
E14000748,24431,26753,2669,0,0,250,250,250,0
E14000749,31189,19158,6236,0,1329,250,250,250,0
E14000750,10834,41343,4020,727,1980,250,250,250,0
E14000751,33750,16027,1371,3502,1077,250,250,250,0
E14000752,9246,40738,10000,429,1181,250,250,250,0
E14000753,36906,13422,7644,1533,1844,250,250,250,0
E14000754,12324,24665,908,2379,725,250,250,250,0
E14000755,18185,36942,1311,0,971,250,250,250,0
E14000756,14465,26470,1155,0,1395,250,250,250,0
E14000757,32915,18440,5090,2180,1095,250,250,250,0
E14000758,18305,24120,824,1953,0,250,250,250,0
E14000759,20950,30589,1034,0,0,250,250,250,0
E14000760,12077,43724,772,477,542,250,250,250,0
S14000038,8399,14666,978,0,0,250,250,250,15050
S14000039,16118,8552,6477,0,0,250,250,250,21042
E14000761,23399,24235,1187,1372,840,250,250,250,0
E14000762,38190,17121,2740,1921,12915,250,250,250,0
E14000763,6871,40086,4946,413,2229,250,250,250,0
E14000764,9925,30188,5809,929,1198,250,250,250,0
W07000077,9826,21238,685,1605,0,250,250,250,0
E14000765,10757,28020,1163,2338,745,250,250,250,0
E14000766,23817,24056,1226,1291,790,250,250,250,0
E14000767,31207,13131,4921,929,1133,250,250,250,0
E14000768,16313,16333,4724,0,767,250,250,250,0
E14000769,28616,18054,1618,0,1116,250,250,250,0
S14000040,12404,13421,994,0,0,250,250,250,19690
E14000770,23686,9203,27810,675,536,250,250,250,0
E14000771,10959,21355,1258,2573,493,250,250,250,0
E14000772,9363,23685,1869,1601,604,250,250,250,0
E14000773,10317,18342,2210,1399,332,250,250,250,0
E14000774,26754,19254,1749,0,984,250,250,250,0
S14000041,10762,17016,1118,540,0,250,250,250,16757
E14000775,5137,47351,1189,1285,521,250,250,250,0
S14000042,16178,16084,1214,550,0,250,250,250,16444
E14000776,18681,25342,1170,0,796,250,250,250,0
E14000777,9755,33453,1063,2056,1189,250,250,250,0
E14000778,12676,25428,739,1742,434,250,250,250,0
E14000779,16445,33436,1952,0,680,250,250,250,0
E14000780,9097,20416,16192,0,582,250,250,250,0
E14000781,11048,27013,905,1815,1023,250,250,250,0
E14000782,12688,35116,1343,0,1070,250,250,250,0
E14000783,10896,37157,1287,0,1177,250,250,250,0
E14000784,11763,22823,792,1406,607,250,250,250,0
E14000785,16793,26347,951,2783,0,250,250,250,0
E14000786,26820,6060,21312,0,0,250,250,250,0
E14000789,7562,42461,2911,0,1640,250,250,250,0
E14000787,10859,32072,2086,798,803,250,250,250,0
E14000788,12249,35411,3317,700,1144,250,250,250,0
E14000790,9627,32234,2961,0,1351,250,250,250,0
E14000791,34018,15437,2653,0,1416,250,250,250,0
E14000792,21795,23333,1284,1287,583,250,250,250,0
S14000043,16311,17469,1926,0,0,250,250,250,20388
E14000793,4652,40599,1187,0,1582,250,250,250,0
E14000794,3624,36175,638,0,523,250,250,250,0
E14000795,5251,34717,2858,0,598,250,250,250,0
E14000796,4463,37371,545,0,329,250,250,250,0
S14000044,12799,17158,1512,0,0,250,250,250,21036
W07000045,9544,21568,548,1331,0,250,250,250,0
E14000797,27022,22753,1937,1465,971,250,250,250,0
E14000798,33733,14092,1990,2460,0,250,250,250,0
E14000799,31433,12147,5336,0,1054,250,250,250,0
E14000800,15401,29765,808,0,648,250,250,250,0
E14000801,14879,28804,1056,795,439,250,250,250,0
E14000802,28595,19987,3350,0,1213,250,250,250,0
E14000803,37718,11261,6540,871,907,250,250,250,0
E14000804,29156,11433,8455,1613,888,250,250,250,0
E14000805,14703,28245,1322,0,0,250,250,250,0
E14000806,34111,10681,2181,1899,1073,250,250,250,0
E14000807,7045,38490,1678,1469,846,250,250,250,0
E14000808,3355,35085,2597,952,1038,250,250,250,0
E14000809,5530,38424,8549,0,865,250,250,250,0
E14000810,23392,22335,697,2654,0,250,250,250,0
E14000811,35624,9932,5900,1435,1301,250,250,250,0
E14000812,33873,14675,2663,2016,1416,250,250,250,0
W07000071,6073,22407,841,1484,0,250,250,250,0
E14000813,38936,17953,3788,0,1794,250,250,250,0
E14000814,29513,17897,1793,0,1168,250,250,250,0
E14000819,9531,23404,368,1452,250,250,250,250,0
E14000820,23643,22623,1354,0,0,250,250,250,0
E14000815,28585,6423,13246,0,0,250,250,250,0
S14000045,11521,16458,1721,0,0,250,250,250,15573
E14000816,32828,16742,2848,2092,1158,250,250,250,0
E14000817,35082,15409,7855,1251,1571,250,250,250,0
E14000818,35967,12641,3450,1660,1371,250,250,250,0
E14000821,30307,28392,2499,1390,1107,250,250,250,0
E14000822,30652,28927,1895,1833,1179,250,250,250,0
E14000823,11664,33039,1494,1054,644,250,250,250,0
E14000824,35092,7864,10955,1352,1463,250,250,250,0
W07000054,26411,18205,2064,762,954,250,250,250,0
W07000063,18075,5542,8790,0,524,250,250,250,0
S14000046,22637,5208,1078,0,0,250,250,250,18478
E14000825,21773,20374,1699,1333,478,250,250,250,0
E14000826,26550,24446,1361,0,0,250,250,250,0
S14000047,8490,15832,920,534,0,250,250,250,16150
S14000027,2441,5006,250,0,0,250,250,250,6013
W07000069,9082,21713,732,1419,0,250,250,250,0
E14000829,34493,16344,2786,1419,0,250,250,250,0
E14000830,37399,8596,13019,0,1531,250,250,250,0
E14000834,21094,21124,1624,0,0,250,250,250,0
E14000831,9134,24071,1812,1482,595,250,250,250,0
E14000832,8866,28127,2574,1315,755,250,250,250,0
E14000833,16380,26729,2533,1780,513,250,250,250,0
E14000827,32162,10167,7786,0,1251,250,250,250,0
E14000828,33170,9739,4781,0,1454,250,250,250,0
W07000055,12801,20804,966,1180,0,250,250,250,0
W07000056,17065,22723,976,1100,497,250,250,250,0
E14000835,28635,11475,10601,0,926,250,250,250,0
E14000836,14769,29268,693,3030,0,250,250,250,0
E14000861,19065,18258,1015,1404,636,250,250,250,0
E14000862,19231,18072,1405,1630,696,250,250,250,0
S14000048,14818,13040,1124,0,0,250,250,250,18451
E14000837,25835,6151,18635,0,0,250,250,250,0
E14000838,25517,7063,21185,1187,753,250,250,250,0
E14000839,36169,10392,7556,0,1607,250,250,250,0
E14000840,12978,25917,1981,2408,0,250,250,250,0
E14000841,39139,18277,3693,1896,1215,250,250,250,0
E14000842,34340,13070,2383,2174,1024,250,250,250,0
E14000843,24783,21923,1390,1565,719,250,250,250,0
S14000049,10088,4026,13741,0,0,250,250,250,13743
E14000844,37754,9982,6987,1061,1476,250,250,250,0
E14000845,32587,15752,4276,0,2965,250,250,250,0
E14000846,28992,18757,4461,0,1245,250,250,250,0
E14000847,31097,9495,5874,0,2771,250,250,250,0
E14000848,21748,5180,25260,0,0,250,250,250,0
E14000849,33642,17287,2948,0,1722,250,250,250,0
E14000850,33605,16502,5982,0,1976,250,250,250,0
E14000851,29431,21096,1962,1564,858,250,250,250,0
E14000852,27163,16425,1586,2198,825,250,250,250,0
E14000853,14172,33456,1494,2101,669,250,250,250,0
E14000854,26860,18350,1028,0,940,250,250,250,0
E14000855,37529,19521,3168,2518,1255,250,250,250,0
E14000856,16516,25308,3398,2150,530,250,250,250,0
E14000857,36471,13792,5708,1467,1334,250,250,250,0
E14000858,31153,17867,3420,0,1101,250,250,250,0
E14000859,29408,15620,1393,1539,851,250,250,250,0
E14000860,32398,9399,9521,871,1141,250,250,250,0
E14000863,21900,21393,1480,0,782,250,250,250,0
E14000864,15715,31311,2841,0,1492,250,250,250,0
E14000865,8512,28102,1003,817,698,250,250,250,0
E14000866,11907,23067,674,2133,538,250,250,250,0
E14000867,14851,30013,1564,1103,598,250,250,250,0
E14000868,23755,19016,914,1619,763,250,250,250,0
S14000050,22469,10847,1742,0,0,250,250,250,19110
W07000074,9354,23225,594,1235,0,250,250,250,0
E14000869,29545,14079,1572,1619,820,250,250,250,0
E14000870,17447,25629,1683,2278,0,250,250,250,0
E14000871,12648,29846,956,1899,439,250,250,250,0
S14000051,2024,2664,11312,283,0,250,250,250,6749
E14000872,31762,12301,3315,2023,1060,250,250,250,0
E14000873,11834,35118,4904,0,1785,250,250,250,0
E14000874,25440,7573,26256,751,0,250,250,250,0
S14000052,12842,14842,1476,0,0,250,250,250,17455
S14000053,8122,14423,1327,0,0,250,250,250,16964
E14000875,21986,20707,941,0,502,250,250,250,0
E14000876,21485,22807,2042,3453,0,250,250,250,0
E14000877,28078,12168,3641,1142,1029,250,250,250,0
S14000054,21783,5349,2589,0,0,250,250,250,21804
E14000878,22343,22950,1597,0,848,250,250,250,0
E14000879,23567,18548,917,1849,536,250,250,250,0
E14000880,20476,27283,1244,1364,604,250,250,250,0
W07000075,10655,22103,1963,1071,0,250,250,250,0
E14000881,28888,14679,4433,0,1299,250,250,250,0
E14000882,11846,39558,3959,849,989,250,250,250,0
E14000883,25860,15895,2608,1926,791,250,250,250,0
E14000884,16736,18290,7699,1129,712,250,250,250,0
W07000065,18302,17988,1106,850,0,250,250,250,0
E14000885,8487,24210,1204,1348,348,250,250,250,0
E14000886,25550,25219,1761,0,0,250,250,250,0
E14000887,20679,19125,5448,477,1107,250,250,250,0
E14000888,36914,13464,1557,2326,1062,250,250,250,0
E14000889,23344,27093,3378,0,1093,250,250,250,0
E14000890,25311,22435,3041,0,979,250,250,250,0
E14000891,14138,23623,2849,1950,0,250,250,250,0
E14000892,23652,16289,1173,1371,380,250,250,250,0
E14000893,30896,13282,5889,1542,2214,250,250,250,0
W07000052,3333,21096,277,880,0,250,250,250,0
E14000894,31919,18720,3247,0,1314,250,250,250,0
E14000896,28588,5773,28543,426,0,250,250,250,0
E14000895,36458,13350,3360,0,1739,250,250,250,0
E14000897,14216,29035,4027,1641,0,250,250,250,0
E14000898,29232,19382,1189,2893,781,250,250,250,0
E14000899,23013,17465,1265,1777,804,250,250,250,0
E14000900,29671,15893,1215,2350,815,250,250,250,0
E14000901,28668,9614,10622,0,953,250,250,250,0
E14000902,25499,22283,1550,0,824,250,250,250,0
S14000055,9561,4695,8042,0,0,250,250,250,15480
E14000904,10017,21404,1754,3316,0,250,250,250,0
E14000903,19939,23821,1155,3704,869,250,250,250,0
E14000905,27872,19660,2851,0,953,250,250,250,0
E14000906,30555,16575,3813,1171,1268,250,250,250,0
E14000907,31436,13386,3765,1675,1347,250,250,250,0
E14000908,30223,22213,2759,1490,1626,250,250,250,0
S14000056,9941,19101,2158,465,0,250,250,250,18836
E14000909,36169,13065,4711,1869,1755,250,250,250,0
E14000910,37629,12663,8528,2091,0,250,250,250,0
E14000911,12036,31168,1286,2320,809,250,250,250,0
E14000912,30952,13619,5982,1191,1152,250,250,250,0
E14000913,24401,20966,1354,1682,915,250,250,250,0
E14000914,17485,20916,554,1247,0,250,250,250,0
E14000915,16143,22202,797,1763,686,250,250,250,0
E14000916,17212,32830,1381,0,656,250,250,250,0
E14000917,32921,19149,2293,1713,0,250,250,250,0
E14000918,32644,10727,4280,1894,1673,250,250,250,0
E14000921,9050,28193,1061,2645,737,250,250,250,0
E14000919,6215,33963,2465,1060,3848,250,250,250,0
E14000922,13561,21881,19756,929,823,250,250,250,0
E14000923,12696,26524,2022,1977,943,250,250,250,0
E14000920,13722,25520,1432,2820,0,250,250,250,0
E14000924,27492,22294,1113,1801,664,250,250,250,0
E14000925,27417,22736,2202,0,0,250,250,250,0
E14000926,29073,22446,4254,1363,1067,250,250,250,0
E14000927,30911,15700,1392,0,558,250,250,250,0
E14000928,36425,16440,0,0,3734,250,250,250,0
E14000929,42245,17008,2722,1954,968,250,250,250,0
E14000930,17172,34170,1308,1228,0,250,250,250,0
E14000931,32985,12414,8901,1291,1157,250,250,250,0
E14000932,36231,10998,13325,0,2347,250,250,250,0
E14000955,21773,21742,1421,1122,725,250,250,250,0
E14000956,16006,27509,1892,0,0,250,250,250,0
E14000933,26811,15321,732,3193,680,250,250,250,0
E14000934,33631,17679,12102,0,1512,250,250,250,0
E14000935,30907,18937,1870,0,917,250,250,250,0
E14000936,29135,17440,3053,0,2278,250,250,250,0
E14000937,33601,17443,11958,0,0,250,250,250,0
E14000938,29493,12050,10346,0,1335,250,250,250,0
E14000957,26046,16046,2110,1666,831,250,250,250,0
E14000939,35179,10282,1433,2185,894,250,250,250,0
E14000940,34795,16164,2403,2235,1092,250,250,250,0
E14000941,35580,18902,5074,0,1555,250,250,250,0
E14000942,40599,17759,3623,1363,1357,250,250,250,0
E14000958,18541,15627,12661,1127,0,250,250,250,0
E14000943,28980,21559,2073,1387,493,250,250,250,0
E14000944,10570,25078,681,3006,1437,250,250,250,0
E14000945,35656,12923,1348,0,1182,250,250,250,0
E14000946,32829,15080,3154,1449,1723,250,250,250,0
E14000947,24809,22345,2079,1291,747,250,250,250,0
E14000948,25262,18875,1514,2997,809,250,250,250,0
E14000949,32961,18793,2630,0,950,250,250,250,0
E14000950,31634,15818,2732,1540,1133,250,250,250,0
E14000951,35128,15578,7078,1293,1576,250,250,250,0
E14000952,32894,14582,2365,2575,0,250,250,250,0
E14000953,33683,7606,5967,1083,0,250,250,250,0
E14000954,32841,14515,5360,0,1445,250,250,250,0
E14000959,28692,15267,2755,2296,1105,250,250,250,0
E14000965,28424,20695,1540,0,1265,250,250,250,0
E14000966,25963,15133,1494,0,541,250,250,250,0
E14000960,24571,13137,18462,0,828,250,250,250,0
E14000967,16193,24277,996,0,991,250,250,250,0
E14000961,26856,15714,11642,0,0,250,250,250,0
E14000968,24798,21412,2032,0,1085,250,250,250,0
E14000962,13606,32012,1287,2097,1220,250,250,250,0
E14000963,11536,35879,2101,1953,1417,250,250,250,0
S14000057,18291,10902,1683,0,0,250,250,250,18143
E14000964,22120,7298,21808,0,0,250,250,250,0
E14000969,11805,26282,1778,1088,591,250,250,250,0
E14000970,15589,24304,646,1834,358,250,250,250,0
E14000971,25214,26102,951,1186,371,250,250,250,0
E14000972,13186,17083,680,1608,378,250,250,250,0
E14000973,18913,21272,916,0,685,250,250,250,0
E14000974,20451,19788,808,0,643,250,250,250,0
E14000975,31614,14119,2222,1370,707,250,250,250,0
E14000976,25706,18052,1083,1801,493,250,250,250,0
E14000977,33657,11699,6357,0,1345,250,250,250,0
E14000978,11927,38212,3611,349,1696,250,250,250,0
E14000979,13814,33519,1001,1094,641,250,250,250,0
E14000980,29307,29994,2053,1039,1423,250,250,250,0
E14000981,33713,17701,4048,0,1802,250,250,250,0
E14000982,15059,25056,1777,2209,705,250,250,250,0
E14000983,37118,12175,6271,0,2258,250,250,250,0
E14000984,26567,10663,13869,0,871,250,250,250,0
E14000985,32224,16885,2302,0,965,250,250,250,0
W07000048,9139,22307,625,1040,359,250,250,250,0
W07000047,11680,22278,1269,0,434,250,250,250,0
E14000986,28748,16401,1961,0,0,250,250,250,0
E14000987,28764,13977,4431,0,1024,250,250,250,0
E14000988,33333,9689,17446,1434,1151,250,250,250,0
E14000989,21777,21057,954,0,898,250,250,250,0
E14000990,35448,12874,7981,1205,1576,250,250,250,0
E14000991,36201,10702,9748,1197,1747,250,250,250,0
E14000992,27451,17887,1345,1656,804,250,250,250,0
E14000993,33572,14571,3859,1532,1100,250,250,250,0
E14000994,28008,6112,15937,0,633,250,250,250,0
E14000995,19880,19535,798,10112,0,250,250,250,0
E14000996,35471,15670,4639,0,2035,250,250,250,0
E14000997,36218,12710,3787,1857,2335,250,250,250,0
E14000998,19236,34694,3057,339,845,250,250,250,0
E14000999,27141,9310,12858,1213,652,250,250,250,0
W07000053,11894,22134,852,1490,0,250,250,250,0
E14001000,33612,12926,10526,0,1622,250,250,250,0
E14001001,26972,13495,6466,1240,2097,250,250,250,0
E14001002,5665,40249,1687,462,1276,250,250,250,0
E14001003,25123,21331,8465,897,831,250,250,250,0
E14001004,30856,14391,5355,1464,1441,250,250,250,0
E14001005,25207,6114,34969,0,0,250,250,250,0
E14001006,20729,32395,1724,1257,629,250,250,250,0
E14001007,23716,18682,1835,1577,884,250,250,250,0
W07000060,17044,19423,666,0,0,250,250,250,0
W07000078,25501,23311,1020,868,419,250,250,250,0
E14001008,10277,31576,11326,0,1152,250,250,250,0
E14001009,20811,22987,943,0,0,250,250,250,0
E14001010,11232,34552,772,1160,637,250,250,250,0
E14001011,18919,16318,586,2295,0,250,250,250,0
E14001012,16394,25286,587,1805,0,250,250,250,0
E14001013,6776,38793,1384,0,1190,250,250,250,0
E14001014,13903,24338,2015,1483,715,250,250,250,0
E14001015,34459,17079,9234,1284,1546,250,250,250,0
E14001016,10521,27004,777,1349,555,250,250,250,0
E14001017,17774,27356,1207,1561,619,250,250,250,0
E14001018,27445,29994,3339,0,0,250,250,250,0
E14001019,24021,25227,2810,799,1198,250,250,250,0
E14001020,11699,24639,961,2761,514,250,250,250,0
E14001021,26731,24639,5335,1184,721,250,250,250,0
E14001022,28643,19428,1012,1933,1332,250,250,250,0
E14001023,37027,13399,6281,1798,1959,250,250,250,0
E14001024,22138,26066,1623,0,786,250,250,250,0
E14001025,30579,18119,1782,1804,956,250,250,250,0
E14001026,30488,7129,22906,0,0,250,250,250,0
E14001027,26374,19005,3836,1441,835,250,250,250,0
E14001028,13744,28547,1656,0,0,250,250,250,0
S14000058,24704,5706,4461,0,0,250,250,250,16754
E14001029,14951,22664,625,0,533,250,250,250,0
E14001030,14329,18789,333,2320,323,250,250,250,0
E14001031,33081,10896,13990,0,1631,250,250,250,0
S14000059,7582,16602,1009,0,0,250,250,250,18890
E14001032,9837,46591,1836,1134,957,250,250,250,0
E14001033,20341,32030,1069,0,680,250,250,250,0
E14001036,14422,25934,2253,0,595,250,250,250,0
E14001037,22909,4783,23686,0,0,250,250,250,0
E14001038,29982,18438,5175,1932,888,250,250,250,0
E14001034,31649,14586,2180,2396,935,250,250,250,0
E14001035,34703,13375,5307,1481,1605,250,250,250,0
E14001039,13548,29575,916,2750,753,250,250,250,0
E14001040,23946,18324,7472,553,1231,250,250,250,0
E14001041,29729,6007,19730,695,846,250,250,250,0
E14001042,34718,12334,5434,0,1435,250,250,250,0
E14001043,17548,25871,1322,0,454,250,250,250,0
E14001044,18501,23866,1155,0,429,250,250,250,0
E14001045,31670,13024,2715,0,1832,250,250,250,0
E14001046,33839,12598,12457,980,1053,250,250,250,0
E14001047,29903,13179,9711,1161,1092,250,250,250,0
E14001048,33806,15008,9512,0,1364,250,250,250,0
E14001049,14695,19282,570,1479,482,250,250,250,0
E14001050,12623,21137,448,1675,421,250,250,250,0
E14001051,18714,20899,784,1012,579,250,250,250,0
E14001052,24731,22223,1757,1354,1211,250,250,250,0
E14001053,17392,21317,1133,1556,0,250,250,250,0
E14001054,17667,26046,1087,0,842,250,250,250,0
E14001055,30181,18091,2982,1635,1614,250,250,250,0
W07000044,15321,17153,865,0,0,250,250,250,0
E14001056,26766,20188,4147,1210,1182,250,250,250,0
E14001057,30684,18438,2551,0,973,250,250,250,0
E14001058,29859,16525,1943,1777,1025,250,250,250,0
E14001059,13581,28525,1504,1475,576,250,250,250,0
E14001060,32369,7418,17646,0,1052,250,250,250,0
W07000041,10384,15643,479,624,0,250,250,250,0
E14001061,16019,34594,2475,0,0,250,250,250,0
E14001062,29356,21067,5910,0,1094,250,250,250,0